"Path","Hash"
"README.md","34E87DDC20E4D6F569E679F67BD5E5CA93D8B7B1E0788302E9DC6B2E2B0BDABD"
"code\air_jet_model.py","B8C1A0254D700F71CEE538D0B7892D424FC8F728874A5EC56599217DC0D79E07"
"code\compare_rl_controllers.py","DC9E41336DBB4C7139FA345B9F83C129236E28D4AF61853EA19F21E79B2287A4"
"code\object_detection.py","3698F79164F5E4BA877A2927CFCBDAEADE46538DA7799B51875DCE32F3C5367F"
"code\rl_policy_runtime.py","D07FE8321F3521871937A92256E97D2F989D4D1054A5A1F27D7BA985CE820C43"
"code\rl_sorting_env.py","341E7BB80CCEAED204B031E55C1FD62466D3E061AF1542932486BCF74B89547C"
"code\rl_training_dqn.py","435AA8CC9AFAAC5F16298BC4C04B6A1102A47D0E4CF6B2E79B5104F6D1CC9E5F"
"code\rl_training_ppo.py","04C486A044116BB1F450D1ED838891B87293630965011F2765C4FA0F0D2E71BD"
"code\rl_training_sac.py","434C46F18C8FF20D4779EAAFCF09C76BED4A36E83671F22CE8564DEF5E9CA484"
"code\tube_detection_project.py","22DE8BA33A3611FC877A44E9A0A36FD67E61D9F8FFB996F790C165D199F0C249"
"code\tube_specs.py","846C6C69DC222949AEA81D8B09EC0EC7BB37F45D2CBFD3567B3012E416495B13"
"formal_runs\dqn_discrete_formal_v5_seed42\dqn_sorting_policy.zip","B4F970C2FE9EBBD15943DE36C4C74826BB2A5B5C22D5595A995B304275E89D5F"
"formal_runs\dqn_discrete_formal_v5_seed42\environment_config.json","25716DF1C3F1CC1DA23C7019460AA25EDEFC0C2E44A9B9E7D6FFC406F94C789C"
"formal_runs\dqn_discrete_formal_v5_seed42\evaluation.csv","3D9873C9118F75AC2A65B2062AAB9E1F60A37D24BE21495FC5636618D9BCEB4D"
"formal_runs\dqn_discrete_formal_v5_seed42\evaluation_summary.json","CF3FDC06E88468A44319B884CD512ED2BDE59291D13380B6FA986C931A1FED1B"
"formal_runs\dqn_discrete_formal_v5_seed42\monitor.csv","123BCECB3751E6E273F41DF5501787B768AEBAD8AA90F2573FCB8F485AB8ECAA"
"formal_runs\dqn_discrete_formal_v5_seed42\policy_heatmap.png","2F4784023D3DE79EBA7219229CB66A742387C5EE2EC2002C1ED570E685BD733F"
"formal_runs\dqn_discrete_formal_v5_seed42\policy_position_maps.png","9C7798DE68772031927C17FD5E3833ADAEADB2AFD42DE0AEDAEB644FCB38D243"
"formal_runs\dqn_discrete_formal_v5_seed42\replay_buffer.pkl","473AD85DD60C3E7BE3DB82269350CC13DDEF27A93117254999DFD57372279B56"
"formal_runs\dqn_discrete_formal_v5_seed42\training_config.json","1EC40C8CE4213652782FDE02CC825A45BFB8ED25FD2BCB232D3B8E39216E68DD"
"formal_runs\dqn_discrete_formal_v5_seed42\training_reward.png","163207548FA25575EC9616DD4826E8867AFEF9B11C5CD2F511532E504E248CCB"
"formal_runs\formal_common_v2\comparison_by_class_and_seed.csv","9EFEFF010AB05A6A232CBA87975C5437C1906D093C62C93FB653C3853B59C14A"
"formal_runs\formal_common_v2\comparison_by_class_summary.csv","A0503F9582F5438B512384B8704003A6BF25E9BBF3A2EDE5F5C02A67C3C9B884"
"formal_runs\formal_common_v2\comparison_by_seed.csv","2CD17017A67BCB2EAAD295057928407AA183ADC7D25D7591A589C7BE96512BF7"
"formal_runs\formal_common_v2\comparison_config.json","9A6DF2769B004BDD43F2625C8D72E992979D028167FA21FC375EABC8729C67A3"
"formal_runs\formal_common_v2\comparison_summary.csv","5DA96190F26BF2691BAE3CB5032BCE181687CE07D3745416F4CA4B7A84975529"
"formal_runs\formal_common_v2\dqn_seed42.csv","6E31CC0DFC78279B171C3E241AF90542D6241007BAB561D63D753FE5BAFD1949"
"formal_runs\formal_common_v2\dqn_seed42_summary.json","4DCFAD21C0AFD759ECE50AB9D569FB1E683E03BBBFE6C0C54A60C79B567A8EC1"
"formal_runs\formal_common_v2\dqn_seed43.csv","0D1CC24F49ED41BA7FFE99BDE14A681146267203F5FEA0B56BAF26BF44BDE854"
"formal_runs\formal_common_v2\dqn_seed43_summary.json","60F6699ED681EC81DC7F37A738E57C9D64FB7655FDACDD8900731B5AF6CD5F8A"
"formal_runs\formal_common_v2\dqn_seed44.csv","0A5832F5AB9D997DFFA05591C576E0C5DD304ED218F490E142E71D00457863F2"
"formal_runs\formal_common_v2\dqn_seed44_summary.json","47B1E0BB9ED84F42490FED476E8C97E79BB5011AC7E2655F4AEADAB25EA907FD"
"formal_runs\formal_common_v2\dqn_seed45.csv","845E4C55FF5EECAC32AFE5C472CB62CA7C7B6663C047D6187B54639AF171C010"
"formal_runs\formal_common_v2\dqn_seed45_summary.json","40A21122DDE11322E6612FE4B605FE374311131FB963E92150669CC6E2EEFDD9"
"formal_runs\formal_common_v2\dqn_seed46.csv","C195E94BDF3AA3358D510C5BACD365A1C48F5EAA25CCC003B7C5D3FF65DE82EF"
"formal_runs\formal_common_v2\dqn_seed46_summary.json","604550B438BFC19DD075DAE6BA9E13E932323668012920FD1A5019F80ADBC031"
"formal_runs\formal_common_v2\fixed_rule_seed42.csv","E005A5116BDB97E72FBF3B244A7990883F462228CEBDF69B308C94D6EC49D679"
"formal_runs\formal_common_v2\fixed_rule_seed42_summary.json","B5EA1946FC87124BBCC7F8DDC8AFD860C6C70C3D073C92B7E8660261668A5CEB"
"formal_runs\formal_common_v2\fixed_rule_seed43.csv","7B97F0468BFEE42ABE9C3B0DF77BCB6FC6A0485BCD46632208DBF80AC6312841"
"formal_runs\formal_common_v2\fixed_rule_seed43_summary.json","0D69B0BBDFB2CA72C14F70128F88E7A2229B666FAE66B273C59D3533A32341A7"
"formal_runs\formal_common_v2\fixed_rule_seed44.csv","6B460FF68F6C503CFFA9452A0421D1D2DED7F236B08B77EE2313E0E79A323D2B"
"formal_runs\formal_common_v2\fixed_rule_seed44_summary.json","405E7A8A1A18EB8D81A723CD0054BC5953CD13C20FD75AF9808D6A94A6E9666B"
"formal_runs\formal_common_v2\fixed_rule_seed45.csv","197AD64580CD267DC9537D2132471885239D3ECC2BBB7071BD243EBCEA94B5C0"
"formal_runs\formal_common_v2\fixed_rule_seed45_summary.json","C8F71CA1F8C51FAE5F3CE1B34DFC78908B8739CE0FFC305678890A2261ED6BAA"
"formal_runs\formal_common_v2\fixed_rule_seed46.csv","0B2A41F64176B159D078DF62FD766C63DADC2B8BD4ABEECA413ED1666D048ECF"
"formal_runs\formal_common_v2\fixed_rule_seed46_summary.json","2E7F2797B4B7D00AE4948D11F858A5154D5D7193E90EF4C240F6B5F939E1C24C"
"formal_runs\formal_common_v2\ppo_continuous_seed42.csv","82FB9404E9707E3FD6E98629F230732DF8010F4E300FC19540F202E365B7DC30"
"formal_runs\formal_common_v2\ppo_continuous_seed42_summary.json","85CC64F73A462649197F7875870AEC7C9A9CE6D108003768A85914AC2092A808"
"formal_runs\formal_common_v2\ppo_continuous_seed43.csv","381BC79B4FC7E75A53A900BA0F06DAD3651E6550D0296ECEFFDDE9250D69CBC0"
"formal_runs\formal_common_v2\ppo_continuous_seed43_summary.json","AD0F445CB2010C23240D17B8F4BAE4CBAB454FC9E69CB6775454A2F671D6EB96"
"formal_runs\formal_common_v2\ppo_continuous_seed44.csv","ECF65557B707D20113C8F27684EBD4B4D8D209C769D6708C4C4A600B857F2425"
"formal_runs\formal_common_v2\ppo_continuous_seed44_summary.json","ADDFB44DB094BFD54FD9A43EDA4590C7DFF021A2D16931440F6C8BCD464AF0FB"
"formal_runs\formal_common_v2\ppo_continuous_seed45.csv","C5479F6B014140165C47944F1DB9A2FE911296060476599B94DD8C0255CF8436"
"formal_runs\formal_common_v2\ppo_continuous_seed45_summary.json","FED17C3329BD128B9D1A1EC038F0FDC137F45AC7E74AC29F96C701817015700A"
"formal_runs\formal_common_v2\ppo_continuous_seed46.csv","09B2717A73EAADD8277328A91769E41E208B5F615418D93867E8E126C20C6B12"
"formal_runs\formal_common_v2\ppo_continuous_seed46_summary.json","8010A162443EE581FF882D90D2DBC9FF3735F9C309125BB32AE2746BE20D6988"
"formal_runs\formal_common_v2\ppo_discrete_seed42.csv","4E4A8F4472F689221BEC3E839CB62572B3FC78BC9A4BB57205E71DD12B9A5D7E"
"formal_runs\formal_common_v2\ppo_discrete_seed42_summary.json","D32896AD02E6E7B09235554DE18FBE9F9B61241EE1FD19FC7F755C827D83C101"
"formal_runs\formal_common_v2\ppo_discrete_seed43.csv","15F05965B7E4C5C7FF356400AD286E1BB2071D876D1A5A6AEEDFF2CD1B27B1CD"
"formal_runs\formal_common_v2\ppo_discrete_seed43_summary.json","B936481E29E42370FC62A0B544983A2809B5F2E594F0A570C732C54F5FA55DEC"
"formal_runs\formal_common_v2\ppo_discrete_seed44.csv","758671554D1A48EF61C6C1AFF7943A6DA79D5730DDBA01AFD73A778B422EC919"
"formal_runs\formal_common_v2\ppo_discrete_seed44_summary.json","111B3A0AA7F45FDF74A8FF45957DC44EE6DC3704B6EE963D6C85BE7ED35C35B6"
"formal_runs\formal_common_v2\ppo_discrete_seed45.csv","C38B23FC4ED07B554DDDD1F000913563010301905BD83FD9A23FD08BB991749E"
"formal_runs\formal_common_v2\ppo_discrete_seed45_summary.json","09E32EBE514658B9C9A0393B4FD72BB991609B669A0C18C114559B651F666094"
"formal_runs\formal_common_v2\ppo_discrete_seed46.csv","A45AACFBA15AEF19A1AF870EC2FADC246940345ED544685439E6FF80F7A5819D"
"formal_runs\formal_common_v2\ppo_discrete_seed46_summary.json","90E602C8045B4535951117A9F391BCF08E8CCDA0695A39D78B45CC4920DD68A0"
"formal_runs\formal_common_v2\sac_seed42.csv","3E011C293E5C1CD975E80164B70CB009AB113161F17ABD178F65016A645A4736"
"formal_runs\formal_common_v2\sac_seed42_summary.json","DDEEB1E366FC31F7351050F1BBACEDA09BD50C935D645AF3654C22F6A829DFF3"
"formal_runs\formal_common_v2\sac_seed43.csv","14795A8F6E5732FF7AA41CACDF851744B271A89D914EEEEA38D21D8A294479B3"
"formal_runs\formal_common_v2\sac_seed43_summary.json","7F782F0EED67473D58DB6C06E1636EB9CB256DC491E7A71953B1886EAE98D915"
"formal_runs\formal_common_v2\sac_seed44.csv","EFCA7BBA6F0EEE27CFEF31237F46AC804C5CE0E517873E22D27786B2AD657D3D"
"formal_runs\formal_common_v2\sac_seed44_summary.json","10905A4C340DEEF6243D52662C543E3BBEB02D39D4BA93D16164D0E8CADFED2B"
"formal_runs\formal_common_v2\sac_seed45.csv","923EF336B856CE251B4B0BCC9990C6CA6E22782399F6F42DEC88C6B785211482"
"formal_runs\formal_common_v2\sac_seed45_summary.json","828FF93991C7504F179469070AC9DD24F21AAC8D0029C34C72627A33D576F69D"
"formal_runs\formal_common_v2\sac_seed46.csv","A52C450981D91585D4097EA9B50A13B7D739D084B4678CAF09364C045B2C5467"
"formal_runs\formal_common_v2\sac_seed46_summary.json","5F79E918AB014CEC029CBABDA3C9C5CCAEF0435E93DE58CE53BE742B33DD9B60"
"formal_runs\ppo_continuous_formal_seed42\environment_config.json","25716DF1C3F1CC1DA23C7019460AA25EDEFC0C2E44A9B9E7D6FFC406F94C789C"
"formal_runs\ppo_continuous_formal_seed42\evaluation.csv","669ED2EEB9F8C15A7B1FB70C1A7BABD6E022DCA6027382B594A1168F2C57BDF1"
"formal_runs\ppo_continuous_formal_seed42\evaluation_summary.json","349564B81F0613B1260CDE404DDEE6B2A644E934A9A63AADB5F6C0F85E99AFF0"
"formal_runs\ppo_continuous_formal_seed42\monitor.csv","2DF0AC5A4896444B44B9C201E4458C33035482862B4B4AE4184A4B76DE57847E"
"formal_runs\ppo_continuous_formal_seed42\policy_heatmap.png","5F7A24F5C954BDBBA88EE2C8FA52B8504853E6CB16805B07630BCEBAA497BEF9"
"formal_runs\ppo_continuous_formal_seed42\policy_position_maps.png","58384AC4BBB657C6DA36F7BEC7CBE288C990D03BD42CF1B39FBD1A04C041C7AA"
"formal_runs\ppo_continuous_formal_seed42\ppo_continuous_sorting_policy.zip","896D7C2729BC4789F5EDC3BABFC16430194EF8CFFF22F0A91C823D1FE34CB1AE"
"formal_runs\ppo_continuous_formal_seed42\training_config.json","A785BE72A30CF6A186C75E0C91DA728D123C2424B27A3914A4A9C85D4EC8A502"
"formal_runs\ppo_continuous_formal_seed42\training_reward.png","DDF57F3FBCA2E5A6BE778E1D7447BBB573BE89100D54E11FF501D0454FAE3FF9"
"formal_runs\ppo_discrete_formal_seed42\environment_config.json","25716DF1C3F1CC1DA23C7019460AA25EDEFC0C2E44A9B9E7D6FFC406F94C789C"
"formal_runs\ppo_discrete_formal_seed42\evaluation.csv","34E71C3F2F6589591E10DB5C67EFCD68530EF8B97AE5D20CA4502B888E59CB85"
"formal_runs\ppo_discrete_formal_seed42\evaluation_summary.json","832105D84550C566EED853F52DC155226BCB7FDE6AD5DCEC20A64E577C508F6F"
"formal_runs\ppo_discrete_formal_seed42\monitor.csv","BF44F308676CD8D085793A66AB9F43301392D6A6B38E0B28E5AE7FB7BE357575"
"formal_runs\ppo_discrete_formal_seed42\policy_heatmap.png","AF92F7DECF01790C2F0EE3A5F5E6EDDC69511A7B510492038B5DB11F3F591FC8"
"formal_runs\ppo_discrete_formal_seed42\policy_position_maps.png","E1C782D14DC9BFA286633B70CB41D729C03EBE047B60A80C8B6A22DE213CED6F"
"formal_runs\ppo_discrete_formal_seed42\ppo_discrete_sorting_policy.zip","E974EE71E7ED2200E632FDFC58B62A44C743EA7AAB78916DD1A1EE1377168194"
"formal_runs\ppo_discrete_formal_seed42\training_config.json","B806E1A8E529B2A4458491AAA38475C6F5C9567E1C334E8A7931C53925716F34"
"formal_runs\ppo_discrete_formal_seed42\training_reward.png","89D1A512D3F5168F9BEC89EE148AAD4B50C0295B667952C021A3FD834DD1E7AE"
"formal_runs\sac_continuous_formal_v2_seed42\environment_config.json","25716DF1C3F1CC1DA23C7019460AA25EDEFC0C2E44A9B9E7D6FFC406F94C789C"
"formal_runs\sac_continuous_formal_v2_seed42\evaluation.csv","D23282BF73723E71F1CCE77EC489B2729EC03140541F3DBAE9916E9CA72B19E9"
"formal_runs\sac_continuous_formal_v2_seed42\evaluation_summary.json","EF90F2EFE8C3D248D82557E547D327EA4E63A38504D728D63BA05C46DFEB8C36"
"formal_runs\sac_continuous_formal_v2_seed42\monitor.csv","7F7DAB0BF54A7F08C427E5740D61ADEBB87F6BBB48DBF540696991EBA2D85768"
"formal_runs\sac_continuous_formal_v2_seed42\policy_heatmap.png","F8D92356ED36516EB3F33FC532F2BDF84955647A7CA8280284F6FF23EEB9802D"
"formal_runs\sac_continuous_formal_v2_seed42\policy_position_maps.png","FA0C667C5AD4C234AA2D21307E280B3DE3A28CD17B8227455FFD638526DCB540"
"formal_runs\sac_continuous_formal_v2_seed42\replay_buffer.pkl","A57B18D81F9E8CDFB098E41374597D16937D386B93FC0EDB7AFC86E3DAD869B8"
"formal_runs\sac_continuous_formal_v2_seed42\sac_sorting_policy.zip","7559FEFF07F46B0187E18A1B03B0E73651A84F3FCC00AB8D253B352B38EF0E76"
"formal_runs\sac_continuous_formal_v2_seed42\training_config.json","FFF4081F10625DB51A7235BF3C887D51AB8E5702F589CDD159E9862E171CB5B4"
"formal_runs\sac_continuous_formal_v2_seed42\training_reward.png","34DF9021216E1082CB69619603083218DE62760D4655FD4804BE86EEC909D5A2"
