run_id,tube_sequence,step,time_s,evaluation_class,selected_jet,x,y,z,velocity_x_mps,velocity_y_mps,velocity_z_mps,selected_bin_contact_points,crossed_bin_entry,inside_selected_bin_xy,below_selected_bin_rim,bin_candidate_steps
20260730_043855_185285_seed42,1,4992,20.800000,polystyrene tube 1,3,-2.360811,1.164190,9.248034,0.573606,0.999487,0.376314,0,0,0,0,0
20260730_043855_185285_seed42,1,5000,20.833333,polystyrene tube 1,3,-2.314179,1.197475,9.278655,2.125450,0.997598,1.393509,0,0,0,0,0
20260730_043855_185285_seed42,1,5008,20.866667,polystyrene tube 1,3,-2.217867,1.230680,9.341004,3.508985,0.994689,2.237503,0,0,0,0,0
20260730_043855_185285_seed42,1,5016,20.900000,polystyrene tube 1,3,-2.083709,1.263772,9.423428,4.383055,0.990993,2.587619,0,0,0,0,0
20260730_043855_185285_seed42,1,5024,20.933333,polystyrene tube 1,3,-1.932902,1.296735,9.505915,4.571589,0.987040,2.306270,0,0,0,0,0
20260730_043855_185285_seed42,1,5032,20.966667,polystyrene tube 1,3,-1.779180,1.329568,9.575979,4.645643,0.983178,1.919857,0,0,0,0,0
20260730_043855_185285_seed42,1,5040,21.000000,polystyrene tube 1,3,-1.623153,1.362273,9.632977,4.710214,0.979408,1.523251,0,0,0,0,0
20260730_043855_185285_seed42,1,5048,21.033333,polystyrene tube 1,3,-1.465164,1.394855,9.676599,4.763908,0.975718,1.118150,0,0,0,0,0
20260730_043855_185285_seed42,1,5056,21.066667,polystyrene tube 1,3,-1.308388,1.427264,9.714883,4.700082,0.970264,1.018468,0,0,0,0,0
20260730_043855_185285_seed42,1,5064,21.100000,polystyrene tube 1,3,-1.151729,1.459534,9.743449,4.698295,0.966203,0.717546,0,0,0,0,0
20260730_043855_185285_seed42,1,5072,21.133333,polystyrene tube 1,3,-0.995250,1.491669,9.762410,4.689965,0.962130,0.442911,0,0,0,0,0
20260730_043855_185285_seed42,1,5080,21.166667,polystyrene tube 1,3,-0.839066,1.523670,9.772304,4.681654,0.958201,0.168478,0,0,0,0,0
20260730_043855_185285_seed42,1,5088,21.200000,polystyrene tube 1,3,-0.683143,1.555542,9.773094,4.674364,0.954151,-0.098137,0,0,0,0,0
20260730_043855_185285_seed42,1,5096,21.233333,polystyrene tube 1,3,-0.527481,1.587098,9.765945,4.650905,0.882325,0.072891,0,0,0,0,0
20260730_043855_185285_seed42,1,5104,21.266667,polystyrene tube 1,3,-0.377496,1.616405,9.761623,4.260452,0.875470,-0.326960,1,1,0,0,0
20260730_043855_185285_seed42,1,5112,21.300000,polystyrene tube 1,3,-0.237098,1.645564,9.740499,4.162406,0.874383,-0.901457,1,1,1,1,0
20260730_043855_185285_seed42,1,5120,21.333333,polystyrene tube 1,3,-0.100810,1.674708,9.700691,4.016063,0.874360,-1.446912,1,1,1,1,0
20260730_043855_185285_seed42,1,5128,21.366667,polystyrene tube 1,3,0.029813,1.703865,9.643399,3.826901,0.875133,-1.951621,0,1,1,1,0
20260730_043855_185285_seed42,1,5136,21.400000,polystyrene tube 1,3,0.074120,1.735473,9.645359,0.876423,0.981452,0.593176,3,1,1,1,0
20260730_043855_185285_seed42,1,5144,21.433333,polystyrene tube 1,3,0.103892,1.768158,9.661627,0.909110,0.979833,0.398754,3,1,1,1,0
20260730_043855_185285_seed42,1,5152,21.466667,polystyrene tube 1,3,0.134812,1.800709,9.671962,0.934577,0.974172,0.194197,4,1,1,1,0
20260730_043855_185285_seed42,1,5160,21.500000,polystyrene tube 1,3,0.162973,1.833592,9.679834,0.741078,1.001360,0.301232,4,1,1,1,0
20260730_043855_185285_seed42,1,5168,21.533333,polystyrene tube 1,3,0.186123,1.867213,9.689163,0.652162,1.015201,0.262133,4,1,1,1,0
20260730_043855_185285_seed42,1,5176,21.566667,polystyrene tube 1,3,0.206322,1.901237,9.697180,0.600608,1.022410,0.191783,4,1,1,1,0
20260730_043855_185285_seed42,1,5184,21.600000,polystyrene tube 1,3,0.224529,1.935721,9.703061,0.496283,1.045596,0.163827,5,1,1,1,0
20260730_043855_185285_seed42,1,5192,21.633333,polystyrene tube 1,3,0.240274,1.970878,9.707334,0.454694,1.062121,0.100485,6,1,1,1,0
20260730_043855_185285_seed42,1,5200,21.666667,polystyrene tube 1,3,0.253985,2.006706,9.709825,0.374285,1.086660,0.050649,6,1,1,1,0
20260730_043855_185285_seed42,1,5208,21.700000,polystyrene tube 1,3,0.264918,2.043220,9.709825,0.245838,1.096999,-0.042619,4,1,1,1,0
20260730_043855_185285_seed42,1,5216,21.733333,polystyrene tube 1,3,0.273710,2.080113,9.705430,0.277675,1.118155,-0.219818,5,1,1,1,0
20260730_043855_185285_seed42,1,5224,21.766667,polystyrene tube 1,3,0.278972,2.117503,9.696846,0.170864,1.138277,-0.352832,5,1,1,1,0
20260730_043855_185285_seed42,1,5232,21.800000,polystyrene tube 1,3,0.284718,2.155635,9.679876,0.146379,1.159822,-0.624069,5,1,1,1,0
20260730_043855_185285_seed42,1,5240,21.833333,polystyrene tube 1,3,0.286065,2.195621,9.661513,0.051192,1.226480,-0.209735,4,1,1,1,0
20260730_043855_185285_seed42,1,5248,21.866667,polystyrene tube 1,3,0.288592,2.236603,9.651991,0.104563,1.234573,-0.329842,3,1,1,1,0
20260730_043855_185285_seed42,1,5256,21.900000,polystyrene tube 1,3,0.292789,2.277895,9.637916,0.144129,1.243348,-0.506083,2,1,1,1,0
20260730_043855_185285_seed42,1,5264,21.933333,polystyrene tube 1,3,0.298539,2.319600,9.618659,0.187320,1.255230,-0.673209,1,1,1,1,0
20260730_043855_185285_seed42,1,5272,21.966667,polystyrene tube 1,3,0.305536,2.361680,9.593191,0.221643,1.265377,-0.867914,1,1,1,1,0
20260730_043855_185285_seed42,1,5280,22.000000,polystyrene tube 1,3,0.313432,2.404014,9.560565,0.244869,1.271101,-1.090441,1,1,1,1,0
20260730_043855_185285_seed42,1,5288,22.033333,polystyrene tube 1,3,0.321852,2.446410,9.519999,0.256335,1.270388,-1.334515,3,1,1,1,0
20260730_043855_185285_seed42,1,5296,22.066667,polystyrene tube 1,3,0.330312,2.488564,9.470667,0.253952,1.260652,-1.599727,3,1,1,1,0
20260730_043855_185285_seed42,1,5304,22.100000,polystyrene tube 1,3,0.332777,2.533792,9.416626,-0.028367,1.416337,-1.658511,2,1,1,1,0
20260730_043855_185285_seed42,1,5312,22.133333,polystyrene tube 1,3,0.332153,2.578522,9.358500,0.332998,0.459936,-0.752823,0,1,1,1,0
20260730_043855_185285_seed42,1,5320,22.166667,polystyrene tube 1,3,0.347225,2.582032,9.343615,0.451628,0.063290,-0.531628,1,1,1,1,0
20260730_043855_185285_seed42,1,5328,22.200000,polystyrene tube 1,3,0.358360,2.588775,9.322887,0.197193,0.371402,-0.685012,1,1,1,1,0
20260730_043855_185285_seed42,1,5336,22.233333,polystyrene tube 1,3,0.361564,2.598823,9.307134,0.055721,0.228808,-0.341059,3,1,1,1,0
20260730_043855_185285_seed42,1,5344,22.266667,polystyrene tube 1,3,0.362849,2.607043,9.291151,0.025451,0.263317,-0.595173,2,1,1,1,0
20260730_043855_185285_seed42,1,5352,22.300000,polystyrene tube 1,3,0.362839,2.617115,9.266884,-0.018766,0.326192,-0.848821,2,1,1,1,0
20260730_043855_185285_seed42,1,5360,22.333333,polystyrene tube 1,3,0.361361,2.626750,9.238036,-0.077412,0.301099,-0.900685,4,1,1,1,0
20260730_043855_185285_seed42,1,5368,22.366667,polystyrene tube 1,3,0.357977,2.637373,9.204261,-0.128035,0.328520,-1.064826,4,1,1,1,0
20260730_043855_185285_seed42,1,5376,22.400000,polystyrene tube 1,3,0.352915,2.649864,9.168336,-0.171776,0.378906,-1.172956,4,1,1,1,0
20260730_043855_185285_seed42,1,5384,22.433333,polystyrene tube 1,3,0.346736,2.662207,9.127384,-0.133137,0.347348,-0.999571,4,1,1,1,0
20260730_043855_185285_seed42,1,5392,22.466667,polystyrene tube 1,3,0.342403,2.676495,9.094211,-0.129511,0.616662,-1.024983,2,1,1,1,0
20260730_043855_185285_seed42,1,5400,22.500000,polystyrene tube 1,3,0.337067,2.688909,9.059572,-0.186303,-0.051878,-0.939672,4,1,1,1,0
20260730_043855_185285_seed42,1,5408,22.533333,polystyrene tube 1,3,0.330967,2.687374,9.025278,-0.181726,-0.040654,-1.110390,2,1,1,1,0
20260730_043855_185285_seed42,1,5416,22.566667,polystyrene tube 1,3,0.325574,2.686348,8.986533,-0.155529,-0.024676,-1.227749,1,1,1,1,0
20260730_043855_185285_seed42,1,5424,22.600000,polystyrene tube 1,3,0.319783,2.685556,8.941491,-0.192167,-0.023579,-1.465154,1,1,1,1,0
20260730_043855_185285_seed42,1,5432,22.633333,polystyrene tube 1,3,0.313847,2.684833,8.890033,-0.200624,-0.022120,-1.662444,1,1,1,1,0
20260730_043855_185285_seed42,1,5440,22.666667,polystyrene tube 1,3,0.306304,2.684066,8.830056,-0.247505,-0.023825,-1.919201,1,1,1,1,0
20260730_043855_185285_seed42,1,5448,22.700000,polystyrene tube 1,3,0.297365,2.683235,8.761616,-0.284904,-0.026012,-2.170678,1,1,1,1,0
20260730_043855_185285_seed42,1,5456,22.733333,polystyrene tube 1,3,0.287351,2.682323,8.684870,-0.312547,-0.028628,-2.418071,0,1,1,1,0
20260730_043855_185285_seed42,1,5464,22.766667,polystyrene tube 1,3,0.276591,2.681316,8.599931,-0.330330,-0.031615,-2.662563,0,1,1,1,0
20260730_043855_185285_seed42,1,5472,22.800000,polystyrene tube 1,3,0.265412,2.680205,8.506877,-0.338309,-0.034913,-2.905309,0,1,1,1,0
20260730_043855_185285_seed42,1,5480,22.833333,polystyrene tube 1,3,0.253692,2.678068,8.405815,-0.380239,-0.127314,-3.141967,0,1,1,1,0
20260730_043855_185285_seed42,1,5488,22.866667,polystyrene tube 1,3,0.239281,2.675572,8.296905,-0.616796,-0.033585,-3.357451,3,1,1,1,0
20260730_043855_185285_seed42,1,5496,22.900000,polystyrene tube 1,3,0.218583,2.674441,8.179512,-0.624560,-0.032329,-3.666818,3,1,1,1,0
20260730_043855_185285_seed42,1,5504,22.933333,polystyrene tube 1,3,0.197823,2.673347,8.051789,-0.621227,-0.033228,-3.976934,3,1,1,1,0
20260730_043855_185285_seed42,1,5512,22.966667,polystyrene tube 1,3,0.177177,2.672222,7.913759,-0.617996,-0.035288,-4.285256,2,1,1,1,0
20260730_043855_185285_seed42,1,5520,23.000000,polystyrene tube 1,3,0.156641,2.671025,7.765484,-0.614296,-0.036294,-4.591749,2,1,1,1,0
20260730_043855_185285_seed42,1,5528,23.033333,polystyrene tube 1,3,0.136234,2.669801,7.607028,-0.610337,-0.037078,-4.896245,2,1,1,1,0
20260730_043855_185285_seed42,1,5536,23.066667,polystyrene tube 1,3,0.115963,2.668552,7.438459,-0.606176,-0.037826,-5.198633,0,1,1,1,0
20260730_043855_185285_seed42,1,5544,23.100000,polystyrene tube 1,3,0.095834,2.667278,7.259850,-0.601820,-0.038536,-5.498808,0,1,1,1,0
20260730_043855_185285_seed42,1,5552,23.133333,polystyrene tube 1,3,0.075853,2.665981,7.071275,-0.597277,-0.039210,-5.796667,0,1,1,1,0
20260730_043855_185285_seed42,1,5560,23.166667,polystyrene tube 1,3,0.056027,2.664663,6.872814,-0.592555,-0.039847,-6.092112,0,1,1,1,0
20260730_043855_185285_seed42,1,5568,23.200000,polystyrene tube 1,3,0.036361,2.663324,6.664549,-0.587660,-0.040446,-6.385050,0,1,1,1,0
20260730_043855_185285_seed42,1,5576,23.233333,polystyrene tube 1,3,0.016862,2.661966,6.446565,-0.582602,-0.041009,-6.675389,0,1,1,1,0
20260730_043855_185285_seed42,1,5584,23.266667,polystyrene tube 1,3,-0.002467,2.660589,6.218951,-0.577387,-0.041535,-6.963042,0,1,1,1,0
20260730_043855_185285_seed42,1,5592,23.300000,polystyrene tube 1,3,-0.021618,2.659196,5.981797,-0.572024,-0.042024,-7.247927,0,1,1,1,0
20260730_043855_185285_seed42,1,5600,23.333333,polystyrene tube 1,3,-0.040589,2.657787,5.735197,-0.566520,-0.042477,-7.529964,0,1,1,1,0
20260730_043855_185285_seed42,1,5608,23.366667,polystyrene tube 1,3,-0.059373,2.656364,5.479247,-0.560885,-0.042894,-7.809078,0,1,1,1,0
20260730_043855_185285_seed42,1,5616,23.400000,polystyrene tube 1,3,-0.180422,2.654907,5.300067,-5.254736,-0.038270,-3.707130,0,1,1,1,0
20260730_043855_185285_seed42,1,5624,23.433333,polystyrene tube 1,3,-0.386055,2.654002,5.229873,-6.635078,-0.019559,-1.022817,0,1,1,1,0
20260730_043855_185285_seed42,1,5632,23.466667,polystyrene tube 1,3,-0.589239,2.653843,5.244036,-6.013172,-0.002473,0.446692,0,1,1,1,0
20260730_043855_185285_seed42,1,5640,23.500000,polystyrene tube 1,3,-0.788896,2.653790,5.253228,-5.969011,-0.000808,0.125002,0,1,1,1,0
20260730_043855_185285_seed42,1,5648,23.533333,polystyrene tube 1,3,-0.987083,2.653791,5.251705,-5.924947,0.000755,-0.196236,0,1,1,1,0
20260730_043855_185285_seed42,1,5656,23.566667,polystyrene tube 1,3,-1.183802,2.653842,5.239482,-5.880965,0.002212,-0.517026,0,1,1,1,0
20260730_043855_185285_seed42,1,5664,23.600000,polystyrene tube 1,3,-1.379056,2.653940,5.216574,-5.837052,0.003562,-0.837360,0,1,1,1,0
20260730_043855_185285_seed42,1,5672,23.633333,polystyrene tube 1,3,-1.572848,2.654081,5.182996,-5.793200,0.004802,-1.157218,0,1,1,1,0
20260730_043855_185285_seed42,1,5680,23.666667,polystyrene tube 1,3,-1.765179,2.654262,5.138766,-5.749406,0.005931,-1.476567,0,1,1,1,0
20260730_043855_185285_seed42,1,5688,23.700000,polystyrene tube 1,3,-1.956051,2.654478,5.083900,-5.705672,0.006947,-1.795360,0,1,1,1,0
20260730_043855_185285_seed42,1,5696,23.733333,polystyrene tube 1,3,-2.145467,2.654725,5.018418,-5.662006,0.007849,-2.113536,0,1,1,1,0
20260730_043855_185285_seed42,1,5704,23.766667,polystyrene tube 1,3,-2.333428,2.655001,4.942343,-5.618419,0.008638,-2.431022,0,1,1,1,0
20260730_043855_185285_seed42,1,5712,23.800000,polystyrene tube 1,3,-2.519938,2.655302,4.855698,-5.574927,0.009313,-2.747732,0,1,1,1,0
20260730_043855_185285_seed42,1,5720,23.833333,polystyrene tube 1,3,-2.705001,2.655622,4.758512,-5.531546,0.009875,-3.063568,0,1,1,1,0
20260730_043855_185285_seed42,1,5728,23.866667,polystyrene tube 1,3,-2.888619,2.655960,4.650814,-5.488297,0.010327,-3.378421,0,1,1,1,0
20260730_043855_185285_seed42,1,5736,23.900000,polystyrene tube 1,3,-3.070799,2.656310,4.532641,-5.445197,0.010670,-3.692175,0,1,1,1,0
20260730_043855_185285_seed42,1,5744,23.933333,polystyrene tube 1,3,-3.251545,2.656671,4.404031,-5.402266,0.010908,-4.004703,0,1,1,1,0
20260730_043855_185285_seed42,1,5752,23.966667,polystyrene tube 1,3,-3.430863,2.657037,4.265026,-5.359522,0.011043,-4.315873,0,1,1,1,0
20260730_043855_185285_seed42,1,5760,24.000000,polystyrene tube 1,3,-3.608760,2.657406,4.115676,-5.316981,0.011080,-4.625550,0,1,1,1,0
20260730_043855_185285_seed42,2,10520,43.833333,polystyrene tube 1,3,-2.185788,1.166408,9.248054,0.576451,0.999487,0.378787,0,0,0,0,0
20260730_043855_185285_seed42,2,10528,43.866667,polystyrene tube 1,3,-2.139165,1.199693,9.278667,2.113284,0.997598,1.382900,0,0,0,0,0
20260730_043855_185285_seed42,2,10536,43.900000,polystyrene tube 1,3,-2.044646,1.232898,9.339466,3.410580,0.994727,2.153017,0,0,0,0,0
20260730_043855_185285_seed42,2,10544,43.933333,polystyrene tube 1,3,-1.915180,1.265994,9.417944,4.223248,0.991139,2.456213,0,0,0,0,0
20260730_043855_185285_seed42,2,10552,43.966667,polystyrene tube 1,3,-1.769686,1.298964,9.496225,4.410064,0.987304,2.182607,0,0,0,0,0
20260730_043855_185285_seed42,2,10560,44.000000,polystyrene tube 1,3,-1.621434,1.331807,9.562261,4.479469,0.983556,1.801726,0,0,0,0,0
20260730_043855_185285_seed42,2,10568,44.033333,polystyrene tube 1,3,-1.471012,1.364527,9.615435,4.540555,0.979895,1.411651,0,0,0,0,0
20260730_043855_185285_seed42,2,10576,44.066667,polystyrene tube 1,3,-1.321166,1.397092,9.661291,4.480443,0.974811,1.275459,0,0,0,0,0
20260730_043855_185285_seed42,2,10584,44.100000,polystyrene tube 1,3,-1.171936,1.429515,9.698791,4.471914,0.970771,0.996697,0,0,0,0,0
20260730_043855_185285_seed42,2,10592,44.133333,polystyrene tube 1,3,-1.023249,1.461801,9.727724,4.451056,0.966701,0.753850,0,0,0,0,0
20260730_043855_185285_seed42,2,10600,44.166667,polystyrene tube 1,3,-0.875298,1.493954,9.748898,4.427138,0.962770,0.534874,0,0,0,0,0
20260730_043855_185285_seed42,2,10608,44.200000,polystyrene tube 1,3,-0.728168,1.525980,9.763336,4.402565,0.959064,0.346500,0,0,0,0,0
20260730_043855_185285_seed42,2,10616,44.233333,polystyrene tube 1,3,-0.581764,1.557889,9.771608,4.383909,0.955767,0.162052,0,0,0,0,0
20260730_043855_185285_seed42,2,10624,44.266667,polystyrene tube 1,3,-0.436130,1.589364,9.773862,4.279448,0.857135,0.515513,1,0,0,0,0
20260730_043855_185285_seed42,2,10632,44.300000,polystyrene tube 1,3,-0.293649,1.617895,9.784263,4.269125,0.855003,0.132733,0,1,1,1,0
20260730_043855_185285_seed42,2,10640,44.333333,polystyrene tube 1,3,-0.151610,1.646368,9.781936,4.253257,0.853566,-0.248197,2,1,1,1,0
20260730_043855_185285_seed42,2,10648,44.366667,polystyrene tube 1,3,-0.011861,1.675042,9.783848,4.172357,0.861150,0.014628,1,1,1,1,0
20260730_043855_185285_seed42,2,10656,44.400000,polystyrene tube 1,3,0.125674,1.703654,9.784313,4.088775,0.856154,-0.048918,0,1,1,1,0
20260730_043855_185285_seed42,2,10664,44.433333,polystyrene tube 1,3,0.261394,1.732196,9.775878,4.055541,0.856420,-0.432462,0,1,1,1,0
20260730_043855_185285_seed42,2,10672,44.466667,polystyrene tube 1,3,0.305825,1.763342,9.789654,0.338519,0.963103,0.621529,4,1,1,1,0
20260730_043855_185285_seed42,2,10680,44.500000,polystyrene tube 1,3,0.311855,1.794962,9.805482,0.078596,0.933596,0.331853,3,1,1,1,0
20260730_043855_185285_seed42,2,10688,44.533333,polystyrene tube 1,3,0.314344,1.826133,9.810085,0.071754,0.936517,-0.032784,4,1,1,1,0
20260730_043855_185285_seed42,2,10696,44.566667,polystyrene tube 1,3,0.316665,1.857402,9.802542,0.068255,0.939435,-0.396940,3,1,1,1,0
20260730_043855_185285_seed42,2,10704,44.600000,polystyrene tube 1,3,0.316868,1.888781,9.783004,-0.055442,0.943139,-0.753337,3,1,1,1,0
20260730_043855_185285_seed42,2,10712,44.633333,polystyrene tube 1,3,0.315074,1.920272,9.751407,-0.051851,0.946079,-1.119340,4,1,1,1,0
20260730_043855_185285_seed42,2,10720,44.666667,polystyrene tube 1,3,0.313462,1.951856,9.707639,-0.044696,0.948766,-1.483660,0,1,1,1,0
20260730_043855_185285_seed42,2,10728,44.700000,polystyrene tube 1,3,0.312150,1.983525,9.651763,-0.034131,0.951150,-1.845867,0,1,1,1,0
20260730_043855_185285_seed42,2,10736,44.733333,polystyrene tube 1,3,0.311248,2.015267,9.583858,-0.020335,0.953191,-2.205545,0,1,1,1,0
20260730_043855_185285_seed42,2,10744,44.766667,polystyrene tube 1,3,0.310860,2.047070,9.504013,-0.003508,0.954855,-2.562294,0,1,1,1,0
20260730_043855_185285_seed42,2,10752,44.800000,polystyrene tube 1,3,0.311084,2.078922,9.412335,0.016131,0.956112,-2.915737,0,1,1,1,0
20260730_043855_185285_seed42,2,10760,44.833333,polystyrene tube 1,3,0.312406,2.110102,9.309451,0.100536,0.849150,-3.189177,4,1,1,1,0
20260730_043855_185285_seed42,2,10768,44.866667,polystyrene tube 1,3,0.341401,2.119308,9.218609,1.538827,-0.211623,-2.316555,4,1,1,1,0
20260730_043855_185285_seed42,2,10776,44.900000,polystyrene tube 1,3,0.402257,2.105561,9.144683,2.055115,-0.573423,-2.134712,3,1,1,1,0
20260730_043855_185285_seed42,2,10784,44.933333,polystyrene tube 1,3,0.478165,2.082039,9.076590,2.431246,-0.771464,-2.004433,2,1,1,1,0
20260730_043855_185285_seed42,2,10792,44.966667,polystyrene tube 1,3,0.562994,2.053627,9.009410,2.653612,-0.913937,-2.008775,3,1,1,1,0
20260730_043855_185285_seed42,2,10800,45.000000,polystyrene tube 1,3,0.653139,2.022193,8.939448,2.756191,-0.974852,-2.165758,3,1,1,1,3
20260730_043855_185285_seed42,2,10808,45.033333,polystyrene tube 1,3,0.744863,1.989755,8.861588,2.747764,-0.971660,-2.485629,0,1,1,1,11
20260730_043855_185285_seed42,2,10816,45.066667,polystyrene tube 1,3,0.816860,1.949042,8.785325,1.438706,-1.532861,-1.986121,2,1,1,1,12
20260730_043855_185285_seed42,2,10824,45.100000,polystyrene tube 1,3,0.859072,1.896591,8.716637,0.838503,-1.661518,-1.970907,4,1,1,1,12
20260730_043855_185285_seed42,2,10832,45.133333,polystyrene tube 1,3,0.881080,1.841021,8.648256,0.114086,-1.661168,-1.915063,4,1,1,1,12
20260730_043855_185285_seed42,2,10840,45.166667,polystyrene tube 1,3,0.875012,1.788017,8.583456,-0.734531,-1.438080,-1.819229,4,1,1,1,12
20260730_043855_185285_seed42,2,10848,45.200000,polystyrene tube 1,3,0.828692,1.760240,8.532085,-1.921208,-0.067856,-1.215932,6,1,1,1,12
20260730_043855_185285_seed42,2,10856,45.233333,polystyrene tube 1,3,0.778426,1.760275,8.512703,-1.516879,0.091561,-0.553017,4,1,1,1,12
20260730_043855_185285_seed42,2,10864,45.266667,polystyrene tube 1,3,0.728457,1.766595,8.491482,-1.468425,0.424459,-0.580036,7,1,1,1,12
20260730_043855_185285_seed42,2,10872,45.300000,polystyrene tube 1,3,0.683193,1.782560,8.470881,-1.125464,0.429400,-0.582175,7,1,1,1,12
20260730_043855_185285_seed42,2,10880,45.333333,polystyrene tube 1,3,0.650292,1.800321,8.450641,-0.737174,0.603544,-0.581654,7,1,1,1,12
20260730_043855_185285_seed42,2,10888,45.366667,polystyrene tube 1,3,0.628480,1.821214,8.425981,-0.531490,0.657990,-0.848352,8,1,1,1,12
20260730_043855_185285_seed42,2,10896,45.400000,polystyrene tube 1,3,0.632039,1.835622,8.401449,0.579512,0.225266,-0.691371,7,1,1,1,12
20260730_043855_185285_seed42,2,10904,45.433333,polystyrene tube 1,3,0.665182,1.834991,8.380447,1.187131,-0.264305,-0.578361,8,1,1,1,12
20260730_043855_185285_seed42,2,10912,45.466667,polystyrene tube 1,3,0.705281,1.822124,8.358972,1.162182,-0.555609,-0.621924,8,1,1,1,12
20260730_043855_185285_seed42,2,10920,45.500000,polystyrene tube 1,3,0.740453,1.800252,8.337447,0.900248,-0.774587,-0.617690,8,1,1,1,12
20260730_043855_185285_seed42,2,10928,45.533333,polystyrene tube 1,3,0.761476,1.771637,8.319111,0.303901,-0.913710,-0.429009,8,1,1,1,12
20260730_043855_185285_seed42,2,10936,45.566667,polystyrene tube 1,3,0.753552,1.747113,8.316309,-0.695292,-0.419619,0.241109,8,1,1,1,12
20260730_043855_185285_seed42,2,10944,45.600000,polystyrene tube 1,3,0.726406,1.739279,8.324666,-0.856678,-0.098462,0.251978,8,1,1,1,12
20260730_043855_185285_seed42,2,10952,45.633333,polystyrene tube 1,3,0.697519,1.740224,8.331149,-0.838795,0.109482,0.129717,8,1,1,1,12
20260730_043855_185285_seed42,2,10960,45.666667,polystyrene tube 1,3,0.671874,1.746933,8.333256,-0.654004,0.255583,0.014379,8,1,1,1,12
20260730_043855_185285_seed42,2,10968,45.700000,polystyrene tube 1,3,0.650954,1.756508,8.328632,-0.600158,0.316089,-0.274922,8,1,1,1,12
20260730_043855_185285_seed42,2,10976,45.733333,polystyrene tube 1,3,0.644912,1.766773,8.319351,0.067090,0.292784,-0.331866,8,1,1,1,12
20260730_043855_185285_seed42,2,10984,45.766667,polystyrene tube 1,3,0.655734,1.773806,8.306182,0.505690,0.114358,-0.463971,8,1,1,1,12
20260730_043855_185285_seed42,2,10992,45.800000,polystyrene tube 1,3,0.681873,1.771883,8.289813,0.887276,-0.220580,-0.551179,8,1,1,1,12
20260730_043855_185285_seed42,2,11000,45.833333,polystyrene tube 1,3,0.710640,1.762697,8.267384,0.859941,-0.362354,-0.702764,7,1,1,1,12
20260730_043855_185285_seed42,2,11008,45.866667,polystyrene tube 1,3,0.735501,1.748070,8.241197,0.550442,-0.510367,-0.799994,8,1,1,1,12
20260730_043855_185285_seed42,2,11016,45.900000,polystyrene tube 1,3,0.744209,1.731741,8.214975,-0.325199,-0.219779,-0.453836,8,1,1,1,12
20260730_043855_185285_seed42,2,11024,45.933333,polystyrene tube 1,3,0.734392,1.724295,8.195169,-0.267406,-0.232068,-0.742260,4,1,1,1,12
20260730_043855_185285_seed42,2,11032,45.966667,polystyrene tube 1,3,0.726230,1.718534,8.166256,-0.268322,-0.090930,-0.991957,8,1,1,1,12
20260730_043855_185285_seed42,2,11040,46.000000,polystyrene tube 1,3,0.717651,1.717233,8.127519,-0.150870,0.097081,-1.315517,12,1,1,1,12
20260730_043855_185285_seed42,2,11048,46.033333,polystyrene tube 1,3,0.730118,1.722162,8.085726,0.532008,0.134189,-1.334797,4,1,1,1,12
20260730_043855_185285_seed42,3,15800,65.833333,polystyrene tube 1,3,-2.014486,1.155859,9.245604,0.159419,0.999833,0.097810,0,0,0,0,0
20260730_043855_185285_seed42,3,15808,65.866667,polystyrene tube 1,3,-1.986459,1.189161,9.262813,1.439744,0.998258,0.882656,0,0,0,0,0
20260730_043855_185285_seed42,3,15816,65.900000,polystyrene tube 1,3,-1.916931,1.222397,9.304976,2.628502,0.995933,1.575000,0,0,0,0,0
20260730_043855_185285_seed42,3,15824,65.933333,polystyrene tube 1,3,-1.812021,1.255543,9.366047,3.553452,0.992887,2.008335,0,0,0,0,0
20260730_043855_185285_seed42,3,15832,65.966667,polystyrene tube 1,3,-1.684391,1.288578,9.433842,3.922443,0.989416,1.922709,0,0,0,0,0
20260730_043855_185285_seed42,3,15840,66.000000,polystyrene tube 1,3,-1.553621,1.321486,9.493477,3.915194,0.985320,1.678929,0,0,0,0,0
20260730_043855_185285_seed42,3,15848,66.033333,polystyrene tube 1,3,-1.423141,1.354264,9.544364,3.910750,0.981570,1.395205,0,0,0,0,0
20260730_043855_185285_seed42,3,15856,66.066667,polystyrene tube 1,3,-1.293130,1.386917,9.586170,3.888498,0.977828,1.133638,0,0,0,0,0
20260730_043855_185285_seed42,3,15864,66.100000,polystyrene tube 1,3,-1.164171,1.419445,9.619773,3.849151,0.974114,0.901400,0,0,0,0,0
20260730_043855_185285_seed42,3,15872,66.133333,polystyrene tube 1,3,-1.036746,1.451852,9.646097,3.797611,0.970530,0.695931,0,0,0,0,0
20260730_043855_185285_seed42,3,15880,66.166667,polystyrene tube 1,3,-0.911230,1.484143,9.666107,3.735728,0.967197,0.520482,0,0,0,0,0
20260730_043855_185285_seed42,3,15888,66.200000,polystyrene tube 1,3,-0.787536,1.516329,9.679645,3.703115,0.964180,0.263852,0,0,0,0,0
20260730_043855_185285_seed42,3,15896,66.233333,polystyrene tube 1,3,-0.679916,1.545829,9.706009,2.541437,0.776699,1.661725,2,0,0,0,0
20260730_043855_185285_seed42,3,15904,66.266667,polystyrene tube 1,3,-0.594854,1.571723,9.754848,2.560485,0.777126,1.291620,0,0,0,0,0
20260730_043855_185285_seed42,3,15912,66.300000,polystyrene tube 1,3,-0.509224,1.597653,9.791338,2.575670,0.778759,0.920843,0,0,0,0,0
20260730_043855_185285_seed42,3,15920,66.333333,polystyrene tube 1,3,-0.423160,1.623657,9.815461,2.586852,0.781516,0.549731,0,0,0,0,0
20260730_043855_185285_seed42,3,15928,66.366667,polystyrene tube 1,3,-0.336794,1.649772,9.827213,2.593924,0.785303,0.178643,0,1,1,0,0
20260730_043855_185285_seed42,3,15936,66.400000,polystyrene tube 1,3,-0.250267,1.676030,9.826602,2.596812,0.790017,-0.192038,0,1,1,0,0
20260730_043855_185285_seed42,3,15944,66.433333,polystyrene tube 1,3,-0.163719,1.702460,9.813649,2.595477,0.795551,-0.561906,0,1,1,0,0
20260730_043855_185285_seed42,3,15952,66.466667,polystyrene tube 1,3,-0.077290,1.729087,9.788386,2.589923,0.801793,-0.930539,0,1,1,1,0
20260730_043855_185285_seed42,3,15960,66.500000,polystyrene tube 1,3,0.008460,1.756493,9.783451,2.563439,0.828674,-0.031753,4,1,1,1,0
20260730_043855_185285_seed42,3,15968,66.533333,polystyrene tube 1,3,0.093628,1.784186,9.780107,2.548456,0.832871,-0.211910,4,1,1,1,0
20260730_043855_185285_seed42,3,15976,66.566667,polystyrene tube 1,3,0.178374,1.812050,9.767421,2.535815,0.838637,-0.534924,4,1,1,1,0
20260730_043855_185285_seed42,3,15984,66.600000,polystyrene tube 1,3,0.262547,1.840108,9.743140,2.515269,0.844428,-0.898792,4,1,1,1,0
20260730_043855_185285_seed42,3,15992,66.633333,polystyrene tube 1,3,0.287819,1.870887,9.733222,0.197155,0.952467,-0.084739,8,1,1,1,0
20260730_043855_185285_seed42,3,16000,66.666667,polystyrene tube 1,3,0.294566,1.902844,9.730487,0.208067,0.963145,-0.110545,8,1,1,1,0
20260730_043855_185285_seed42,3,16008,66.700000,polystyrene tube 1,3,0.299499,1.935280,9.733181,0.119732,0.976630,0.071543,8,1,1,1,0
20260730_043855_185285_seed42,3,16016,66.733333,polystyrene tube 1,3,0.303141,1.967925,9.732350,0.097598,0.982091,-0.091068,7,1,1,1,0
20260730_043855_185285_seed42,3,16024,66.766667,polystyrene tube 1,3,0.306022,2.000742,9.726473,0.076934,0.986939,-0.251155,8,1,1,1,0
20260730_043855_185285_seed42,3,16032,66.800000,polystyrene tube 1,3,0.307638,2.033752,9.715310,0.021514,0.992914,-0.463465,4,1,1,1,0
20260730_043855_185285_seed42,3,16040,66.833333,polystyrene tube 1,3,0.310129,2.067486,9.707238,0.142562,1.026596,-0.045761,6,1,1,1,0
20260730_043855_185285_seed42,3,16048,66.866667,polystyrene tube 1,3,0.313356,2.101708,9.706041,0.090735,1.029315,-0.037705,6,1,1,1,0
20260730_043855_185285_seed42,3,16056,66.900000,polystyrene tube 1,3,0.317941,2.136234,9.704184,0.178843,1.041703,-0.073156,6,1,1,1,0
20260730_043855_185285_seed42,3,16064,66.933333,polystyrene tube 1,3,0.325471,2.171217,9.700979,0.267587,1.056878,-0.117749,6,1,1,1,0
20260730_043855_185285_seed42,3,16072,66.966667,polystyrene tube 1,3,0.331917,2.207421,9.697443,0.188815,1.102667,-0.115566,8,1,1,1,0
20260730_043855_185285_seed42,3,16080,67.000000,polystyrene tube 1,3,0.339473,2.243057,9.697809,0.248105,1.025233,0.104912,8,1,1,1,0
20260730_043855_185285_seed42,3,16088,67.033333,polystyrene tube 1,3,0.347887,2.275936,9.701601,0.247552,0.957958,0.113584,6,1,1,1,0
20260730_043855_185285_seed42,3,16096,67.066667,polystyrene tube 1,3,0.354080,2.307320,9.705261,0.190788,0.915885,0.102084,6,1,1,1,0
20260730_043855_185285_seed42,3,16104,67.100000,polystyrene tube 1,3,0.358540,2.337136,9.708378,0.085618,0.869824,0.099198,6,1,1,1,0
20260730_043855_185285_seed42,3,16112,67.133333,polystyrene tube 1,3,0.362548,2.365316,9.710080,0.145606,0.827823,-0.009998,6,1,1,1,0
20260730_043855_185285_seed42,3,16120,67.166667,polystyrene tube 1,3,0.365145,2.392521,9.710011,0.025204,0.808361,-0.019583,6,1,1,1,0
20260730_043855_185285_seed42,3,16128,67.200000,polystyrene tube 1,3,0.364909,2.419319,9.706049,-0.054813,0.805889,-0.238749,7,1,1,1,0
20260730_043855_185285_seed42,3,16136,67.233333,polystyrene tube 1,3,0.362119,2.447719,9.699318,-0.079853,0.888252,-0.179036,7,1,1,1,0
20260730_043855_185285_seed42,3,16144,67.266667,polystyrene tube 1,3,0.359767,2.478141,9.691434,-0.060019,0.938760,-0.277148,8,1,1,1,0
20260730_043855_185285_seed42,3,16152,67.300000,polystyrene tube 1,3,0.357544,2.510498,9.679739,-0.070472,1.004560,-0.394380,8,1,1,1,0
20260730_043855_185285_seed42,3,16160,67.333333,polystyrene tube 1,3,0.355214,2.545415,9.665119,-0.066561,1.088617,-0.472646,8,1,1,1,0
20260730_043855_185285_seed42,3,16168,67.366667,polystyrene tube 1,3,0.352999,2.583035,9.650461,-0.066239,1.144166,-0.502016,4,1,1,1,0
20260730_043855_185285_seed42,3,16176,67.400000,polystyrene tube 1,3,0.350762,2.621609,9.630107,-0.072467,1.187894,-0.651382,4,1,1,1,0
20260730_043855_185285_seed42,3,16184,67.433333,polystyrene tube 1,3,0.348334,2.661599,9.604761,-0.074747,1.214862,-0.848665,4,1,1,1,0
20260730_043855_185285_seed42,3,16192,67.466667,polystyrene tube 1,3,0.345742,2.702805,9.573524,-0.079047,1.249742,-1.024549,4,1,1,1,0
20260730_043855_185285_seed42,3,16200,67.500000,polystyrene tube 1,3,0.343209,2.744321,9.534887,-0.077128,1.254190,-1.252362,4,1,1,1,0
20260730_043855_185285_seed42,3,16208,67.533333,polystyrene tube 1,3,0.336107,2.780646,9.496555,-0.770433,0.472440,-0.320208,4,1,1,1,0
20260730_043855_185285_seed42,3,16216,67.566667,polystyrene tube 1,3,0.310400,2.796361,9.482385,-0.760133,0.448987,-0.552948,4,1,1,1,0
20260730_043855_185285_seed42,3,16224,67.600000,polystyrene tube 1,3,0.284622,2.812195,9.460472,-0.777284,0.480282,-0.762641,3,1,1,1,0
20260730_043855_185285_seed42,3,16232,67.633333,polystyrene tube 1,3,0.258372,2.828749,9.431182,-0.792014,0.512409,-0.966888,3,1,1,1,0
20260730_043855_185285_seed42,3,16240,67.666667,polystyrene tube 1,3,0.231874,2.845709,9.393622,-0.799582,0.513379,-1.235821,2,1,1,1,0
20260730_043855_185285_seed42,3,16248,67.700000,polystyrene tube 1,3,0.205024,2.862706,9.346699,-0.805652,0.498826,-1.563554,6,1,1,1,0
20260730_043855_185285_seed42,3,16256,67.733333,polystyrene tube 1,3,0.180216,2.876115,9.296654,-0.725010,0.355015,-1.616600,4,1,1,1,0
20260730_043855_185285_seed42,3,16264,67.766667,polystyrene tube 1,3,0.156571,2.885799,9.239761,-0.696338,0.236123,-1.799446,7,1,1,1,0
20260730_043855_185285_seed42,3,16272,67.800000,polystyrene tube 1,3,0.133794,2.890839,9.180480,-0.705959,-0.234451,-0.089018,8,1,1,1,0
20260730_043855_185285_seed42,3,16280,67.833333,polystyrene tube 1,3,0.110195,2.882255,9.177272,-0.708984,-0.277398,-0.103175,8,1,1,1,0
20260730_043855_185285_seed42,3,16288,67.866667,polystyrene tube 1,3,0.086577,2.872288,9.173750,-0.691449,-0.309494,-0.015691,8,1,1,1,0
20260730_043855_185285_seed42,3,16296,67.900000,polystyrene tube 1,3,0.063845,2.861834,9.173466,-0.673631,-0.318663,-0.002476,7,1,1,1,0
20260730_043855_185285_seed42,3,16304,67.933333,polystyrene tube 1,3,0.041693,2.851019,9.173354,-0.656674,-0.329490,-0.004352,6,1,1,1,0
20260730_043855_185285_seed42,3,16312,67.966667,polystyrene tube 1,3,0.020093,2.839852,9.173201,-0.638972,-0.339456,0.015372,7,1,1,1,0
20260730_043855_185285_seed42,3,16320,68.000000,polystyrene tube 1,3,-0.000827,2.828489,9.172889,-0.618870,-0.346226,0.017992,7,1,1,1,0
20260730_043855_185285_seed42,3,16328,68.033333,polystyrene tube 1,3,-0.020995,2.816943,9.173145,-0.592632,-0.346576,0.003004,7,1,1,1,0
20260730_043855_185285_seed42,3,16336,68.066667,polystyrene tube 1,3,-0.040171,2.805320,9.173547,-0.560034,-0.352289,0.006831,8,1,1,1,0
20260730_043855_185285_seed42,3,16344,68.100000,polystyrene tube 1,3,-0.058373,2.793602,9.173681,-0.533741,-0.350896,0.001733,7,1,1,1,0
20260730_043855_185285_seed42,3,16352,68.133333,polystyrene tube 1,3,-0.075704,2.781930,9.173642,-0.507856,-0.349518,-0.003848,6,1,1,1,0
20260730_043855_185285_seed42,3,16360,68.166667,polystyrene tube 1,3,-0.091726,2.770470,9.174715,-0.463096,-0.342204,0.004001,6,1,1,1,0
20260730_043855_185285_seed42,3,16368,68.200000,polystyrene tube 1,3,-0.106822,2.759034,9.173487,-0.439419,-0.339846,-0.009640,6,1,1,1,0
20260730_043855_185285_seed42,3,16376,68.233333,polystyrene tube 1,3,-0.119012,2.748596,9.176592,-0.317485,-0.297749,0.115097,5,1,1,1,0
20260730_043855_185285_seed42,3,16384,68.266667,polystyrene tube 1,3,-0.128205,2.739045,9.180180,-0.240041,-0.276442,0.090608,4,1,1,1,0
20260730_043855_185285_seed42,3,16392,68.300000,polystyrene tube 1,3,-0.134854,2.730226,9.182559,-0.165326,-0.252954,0.054538,4,1,1,1,0
20260730_043855_185285_seed42,3,16400,68.333333,polystyrene tube 1,3,-0.139249,2.722381,9.183845,-0.102791,-0.219618,0.027654,5,1,1,1,0
20260730_043855_185285_seed42,3,16408,68.366667,polystyrene tube 1,3,-0.141722,2.715587,9.184131,-0.052258,-0.191963,-0.007871,5,1,1,1,0
20260730_043855_185285_seed42,3,16416,68.400000,polystyrene tube 1,3,-0.142670,2.709459,9.184065,-0.010994,-0.177999,0.002825,7,1,1,1,0
20260730_043855_185285_seed42,3,16424,68.433333,polystyrene tube 1,3,-0.142293,2.703814,9.183865,0.030801,-0.162381,-0.019234,7,1,1,1,0
20260730_043855_185285_seed42,3,16432,68.466667,polystyrene tube 1,3,-0.140539,2.698649,9.182794,0.071652,-0.148552,-0.042741,7,1,1,1,0
20260730_043855_185285_seed42,3,16440,68.500000,polystyrene tube 1,3,-0.137452,2.693928,9.180993,0.110795,-0.135619,-0.063935,7,1,1,1,0
20260730_043855_185285_seed42,3,16448,68.533333,polystyrene tube 1,3,-0.132909,2.689818,9.178719,0.161883,-0.108546,-0.052534,7,1,1,1,0
20260730_043855_185285_seed42,3,16456,68.566667,polystyrene tube 1,3,-0.126739,2.686595,9.176577,0.204662,-0.086995,-0.073852,7,1,1,1,0
20260730_043855_185285_seed42,3,16464,68.600000,polystyrene tube 1,3,-0.119252,2.684003,9.173805,0.240826,-0.070470,-0.089015,8,1,1,1,0
20260730_043855_185285_seed42,3,16472,68.633333,polystyrene tube 1,3,-0.115058,2.685124,9.173641,0.079876,0.070896,0.002343,10,1,1,1,0
20260730_043855_185285_seed42,3,16480,68.666667,polystyrene tube 1,3,-0.112612,2.687383,9.173655,0.068017,0.064927,-0.001060,10,1,1,1,0
20260730_043855_185285_seed42,3,16488,68.700000,polystyrene tube 1,3,-0.110558,2.689445,9.173567,0.054938,0.059257,-0.004038,12,1,1,1,0
20260730_043855_185285_seed42,3,16496,68.733333,polystyrene tube 1,3,-0.108957,2.691185,9.173377,0.041571,0.045670,-0.007288,12,1,1,1,0
20260730_043855_185285_seed42,3,16504,68.766667,polystyrene tube 1,3,-0.108067,2.692669,9.173333,0.022893,0.036109,0.007835,11,1,1,1,0
20260730_043855_185285_seed42,3,16512,68.800000,polystyrene tube 1,3,-0.107421,2.693686,9.173508,0.016468,0.025660,0.003578,10,1,1,1,0
20260730_043855_185285_seed42,3,16520,68.833333,polystyrene tube 1,3,-0.106985,2.694371,9.173589,0.010009,0.016234,0.001625,10,1,1,1,0
20260730_043855_185285_seed42,3,16528,68.866667,polystyrene tube 1,3,-0.106774,2.694757,9.173623,0.003043,0.007542,0.000592,10,1,1,1,0
20260730_043855_185285_seed42,3,16536,68.900000,polystyrene tube 1,3,-0.106799,2.694860,9.173630,-0.004088,-0.000834,-0.000071,10,1,1,1,0
20260730_043855_185285_seed42,3,16544,68.933333,polystyrene tube 1,3,-0.107017,2.694700,9.173620,-0.006089,-0.005995,-0.000403,10,1,1,1,0
20260730_043855_185285_seed42,3,16552,68.966667,polystyrene tube 1,3,-0.107138,2.694579,9.173607,-0.001357,-0.001442,-0.000432,10,1,1,1,0
20260730_043855_185285_seed42,3,16560,69.000000,polystyrene tube 1,3,-0.107094,2.694616,9.173591,0.003683,0.003379,-0.000540,10,1,1,1,0
20260730_043855_185285_seed42,3,16568,69.033333,polystyrene tube 1,3,-0.106877,2.694819,9.173570,0.009058,0.008516,-0.000717,10,1,1,1,0
20260730_043855_185285_seed42,3,16576,69.066667,polystyrene tube 1,3,-0.106495,2.695196,9.173538,0.013045,0.014051,-0.001227,10,1,1,1,0
20260730_043855_185285_seed42,3,16584,69.100000,polystyrene tube 1,3,-0.105973,2.695760,9.173484,0.018150,0.019601,-0.001973,10,1,1,1,0
20260730_043855_185285_seed42,3,16592,69.133333,polystyrene tube 1,3,-0.105261,2.696530,9.173399,0.024348,0.026423,-0.003167,10,1,1,1,0
20260730_043855_185285_seed42,3,16600,69.166667,polystyrene tube 1,3,-0.104320,2.697555,9.173262,0.031910,0.034869,-0.004906,10,1,1,1,0
20260730_043855_185285_seed42,3,16608,69.200000,polystyrene tube 1,3,-0.103292,2.698632,9.173345,0.026517,0.027188,0.003263,10,1,1,1,0
20260730_043855_185285_seed42,3,16616,69.233333,polystyrene tube 1,3,-0.102586,2.699346,9.173422,0.016492,0.016738,0.001617,10,1,1,1,0
20260730_043855_185285_seed42,3,16624,69.266667,polystyrene tube 1,3,-0.102203,2.699735,9.173456,0.007152,0.007267,0.000558,10,1,1,1,0
20260730_043855_185285_seed42,3,16632,69.300000,polystyrene tube 1,3,-0.102120,2.699819,9.173460,-0.001334,-0.001249,-0.000195,10,1,1,1,0
20260730_043855_185285_seed42,3,16640,69.333333,polystyrene tube 1,3,-0.102299,2.699654,9.173442,-0.008885,-0.008167,-0.000932,10,1,1,1,0
20260730_043855_185285_seed42,3,16648,69.366667,polystyrene tube 1,3,-0.102735,2.699254,9.173394,-0.016856,-0.015495,-0.001908,10,1,1,1,0
20260730_043855_185285_seed42,3,16656,69.400000,polystyrene tube 1,3,-0.103453,2.698594,9.173307,-0.025901,-0.023808,-0.003321,10,1,1,1,0
20260730_043855_185285_seed42,3,16664,69.433333,polystyrene tube 1,3,-0.104427,2.697685,9.173285,-0.027522,-0.025933,0.003968,10,1,1,1,0
20260730_043855_185285_seed42,3,16672,69.466667,polystyrene tube 1,3,-0.105152,2.697000,9.173376,-0.016833,-0.015921,0.001796,10,1,1,1,0
20260730_043855_185285_seed42,3,16680,69.500000,polystyrene tube 1,3,-0.105536,2.696636,9.173410,-0.006910,-0.006611,0.000406,10,1,1,1,0
20260730_043855_185285_seed42,3,16688,69.533333,polystyrene tube 1,3,-0.105606,2.696566,9.173405,0.001872,0.001646,-0.000583,10,1,1,1,0
20260730_043855_185285_seed42,3,16696,69.566667,polystyrene tube 1,3,-0.105392,2.696763,9.173368,0.010498,0.009744,-0.001613,10,1,1,1,0
20260730_043855_185285_seed42,3,16704,69.600000,polystyrene tube 1,3,-0.104879,2.697240,9.173290,0.019844,0.018470,-0.003075,10,1,1,1,0
20260730_043855_185285_seed42,3,16712,69.633333,polystyrene tube 1,3,-0.104149,2.697920,9.173283,0.019142,0.017486,0.002564,10,1,1,1,0
20260730_043855_185285_seed42,3,16720,69.666667,polystyrene tube 1,3,-0.103709,2.698320,9.173335,0.008038,0.007276,0.000762,10,1,1,1,0
20260730_043855_185285_seed42,3,16728,69.700000,polystyrene tube 1,3,-0.103626,2.698393,9.173335,-0.002071,-0.001995,-0.000557,10,1,1,1,0
20260730_043855_185285_seed42,3,16736,69.733333,polystyrene tube 1,3,-0.103865,2.698171,9.173295,-0.011760,-0.010881,-0.001844,10,1,1,1,0
20260730_043855_185285_seed42,3,16744,69.766667,polystyrene tube 1,3,-0.104410,2.697660,9.173257,-0.017617,-0.016562,0.002370,10,1,1,1,0
20260730_043855_185285_seed42,3,16752,69.800000,polystyrene tube 1,3,-0.104801,2.697292,9.173304,-0.006460,-0.006139,0.000570,10,1,1,1,0
20260730_043855_185285_seed42,3,16760,69.833333,polystyrene tube 1,3,-0.104831,2.697260,9.173295,0.003742,0.003374,-0.000947,10,1,1,1,0
20260730_043855_185285_seed42,4,21512,89.633333,polystyrene tube 1,3,-1.832315,1.174690,9.249627,0.669929,0.999136,0.378264,0,0,0,0,0
20260730_043855_185285_seed42,4,21520,89.666667,polystyrene tube 1,3,-1.791195,1.207965,9.272737,1.722179,0.997367,0.962368,0,0,0,0,0
20260730_043855_185285_seed42,4,21528,89.700000,polystyrene tube 1,3,-1.716220,1.241169,9.314041,2.698795,0.994958,1.466602,0,0,0,0,0
20260730_043855_185285_seed42,4,21536,89.733333,polystyrene tube 1,3,-1.611388,1.274279,9.370285,3.503559,0.991692,1.857883,0,0,0,0,0
20260730_043855_185285_seed42,4,21544,89.766667,polystyrene tube 1,3,-1.494386,1.307272,9.427043,3.512720,0.988157,1.567456,0,0,0,0,0
20260730_043855_185285_seed42,4,21552,89.800000,polystyrene tube 1,3,-1.377416,1.340149,9.474334,3.502263,0.984640,1.291576,0,0,0,0,0
20260730_043855_185285_seed42,4,21560,89.833333,polystyrene tube 1,3,-1.261090,1.372909,9.512683,3.476116,0.981172,1.029097,0,0,0,0,0
20260730_043855_185285_seed42,4,21568,89.866667,polystyrene tube 1,3,-1.145906,1.405554,9.542624,3.435255,0.977764,0.785766,0,0,0,0,0
20260730_043855_185285_seed42,4,21576,89.900000,polystyrene tube 1,3,-1.032303,1.438087,9.564790,3.382508,0.974473,0.561265,0,0,0,0,0
20260730_043855_185285_seed42,4,21584,89.933333,polystyrene tube 1,3,-0.920355,1.470515,9.579185,3.349844,0.971471,0.289824,0,0,0,0,0
20260730_043855_185285_seed42,4,21592,89.966667,polystyrene tube 1,3,-0.825164,1.501014,9.597880,1.515239,0.768921,1.626023,2,0,0,0,0
20260730_043855_185285_seed42,4,21600,90.000000,polystyrene tube 1,3,-0.774096,1.526655,9.645702,1.546391,0.769673,1.265518,1,0,0,0,0
20260730_043855_185285_seed42,4,21608,90.033333,polystyrene tube 1,3,-0.722255,1.552336,9.681827,1.530303,0.770676,0.977653,1,0,0,0,0
20260730_043855_185285_seed42,4,21616,90.066667,polystyrene tube 1,3,-0.672207,1.578031,9.710655,1.474483,0.770964,0.773122,1,0,0,0,0
20260730_043855_185285_seed42,4,21624,90.100000,polystyrene tube 1,3,-0.624059,1.603755,9.733260,1.417286,0.772814,0.598021,1,0,0,0,0
20260730_043855_185285_seed42,4,21632,90.133333,polystyrene tube 1,3,-0.577879,1.629591,9.750685,1.358318,0.777624,0.460782,1,0,0,0,0
20260730_043855_185285_seed42,4,21640,90.166667,polystyrene tube 1,3,-0.533487,1.655651,9.763634,1.307208,0.786118,0.336740,1,0,0,0,0
20260730_043855_185285_seed42,4,21648,90.200000,polystyrene tube 1,3,-0.490689,1.682058,9.772935,1.264282,0.798074,0.232384,1,0,0,0,0
20260730_043855_185285_seed42,4,21656,90.233333,polystyrene tube 1,3,-0.449161,1.708915,9.779068,1.231349,0.813028,0.141693,1,0,0,0,0
20260730_043855_185285_seed42,4,21664,90.266667,polystyrene tube 1,3,-0.408537,1.736320,9.782385,1.209580,0.830478,0.061398,1,0,0,0,0
20260730_043855_185285_seed42,4,21672,90.300000,polystyrene tube 1,3,-0.368419,1.764347,9.783138,1.200128,0.849702,-0.015148,1,1,1,1,0
20260730_043855_185285_seed42,4,21680,90.333333,polystyrene tube 1,3,-0.328684,1.793045,9.783800,1.183880,0.867636,0.024215,4,1,1,1,0
20260730_043855_185285_seed42,4,21688,90.366667,polystyrene tube 1,3,-0.289468,1.822059,9.782820,1.170985,0.872064,-0.083406,2,1,1,1,0
20260730_043855_185285_seed42,4,21696,90.400000,polystyrene tube 1,3,-0.250562,1.851096,9.778229,1.164964,0.870547,-0.202556,2,1,1,1,0
20260730_043855_185285_seed42,4,21704,90.433333,polystyrene tube 1,3,-0.211727,1.880094,9.768900,1.166043,0.869470,-0.350976,3,1,1,1,0
20260730_043855_185285_seed42,4,21712,90.466667,polystyrene tube 1,3,-0.172762,1.909061,9.754420,1.171300,0.868709,-0.515859,2,1,1,1,0
20260730_043855_185285_seed42,4,21720,90.500000,polystyrene tube 1,3,-0.133501,1.938007,9.734192,1.177506,0.868011,-0.721194,1,1,1,1,0
20260730_043855_185285_seed42,4,21728,90.533333,polystyrene tube 1,3,-0.094790,1.966915,9.703700,1.146500,0.866334,-1.084970,0,1,1,1,0
20260730_043855_185285_seed42,4,21736,90.566667,polystyrene tube 1,3,-0.057171,1.995743,9.661152,1.112275,0.863369,-1.444745,0,1,1,1,0
20260730_043855_185285_seed42,4,21744,90.600000,polystyrene tube 1,3,-0.020745,2.024451,9.606687,1.075210,0.859140,-1.800137,0,1,1,1,0
20260730_043855_185285_seed42,4,21752,90.633333,polystyrene tube 1,3,0.010324,2.053725,9.544959,-0.106017,1.109442,-0.996019,4,1,1,1,0
20260730_043855_185285_seed42,4,21760,90.666667,polystyrene tube 1,3,-0.000052,2.090276,9.519337,0.275606,1.045108,-0.353364,5,1,1,1,0
20260730_043855_185285_seed42,4,21768,90.700000,polystyrene tube 1,3,0.006675,2.126100,9.509905,0.202887,1.087694,-0.304906,3,1,1,1,0
20260730_043855_185285_seed42,4,21776,90.733333,polystyrene tube 1,3,0.015403,2.162424,9.496092,0.309543,1.093703,-0.514326,4,1,1,1,0
20260730_043855_185285_seed42,4,21784,90.766667,polystyrene tube 1,3,0.027305,2.199245,9.475491,0.324745,1.164324,-0.629464,5,1,1,1,0
20260730_043855_185285_seed42,4,21792,90.800000,polystyrene tube 1,3,0.033362,2.238380,9.458761,0.191034,1.176847,-0.580328,2,1,1,1,0
20260730_043855_185285_seed42,4,21800,90.833333,polystyrene tube 1,3,0.040449,2.277372,9.435244,0.226208,1.163035,-0.817514,2,1,1,1,0
20260730_043855_185285_seed42,4,21808,90.866667,polystyrene tube 1,3,0.045654,2.317705,9.406516,0.064576,1.270035,-0.868094,3,1,1,1,0
20260730_043855_185285_seed42,4,21816,90.900000,polystyrene tube 1,3,0.047491,2.359770,9.372880,0.040557,1.252129,-1.135340,0,1,1,1,0
20260730_043855_185285_seed42,4,21824,90.933333,polystyrene tube 1,3,0.047904,2.400959,9.330182,-0.014051,1.220439,-1.404186,0,1,1,1,0
20260730_043855_185285_seed42,4,21832,90.966667,polystyrene tube 1,3,0.046415,2.440953,9.278651,-0.075252,1.177953,-1.666948,0,1,1,1,0
20260730_043855_185285_seed42,4,21840,91.000000,polystyrene tube 1,3,0.055336,2.453989,9.239509,0.598729,-0.172444,-0.783183,0,1,1,1,0
20260730_043855_185285_seed42,4,21848,91.033333,polystyrene tube 1,3,0.074810,2.448835,9.208971,0.312619,0.234454,-0.914289,4,1,1,1,0
20260730_043855_185285_seed42,4,21856,91.066667,polystyrene tube 1,3,0.076215,2.460036,9.187775,-0.078909,0.228477,-0.212802,3,1,1,1,0
20260730_043855_185285_seed42,4,21864,91.100000,polystyrene tube 1,3,0.075977,2.465454,9.188425,-0.011675,0.137217,0.047123,3,1,1,1,0
20260730_043855_185285_seed42,4,21872,91.133333,polystyrene tube 1,3,0.076863,2.469442,9.187012,0.042494,0.110665,-0.063434,3,1,1,1,0
20260730_043855_185285_seed42,4,21880,91.166667,polystyrene tube 1,3,0.077518,2.473105,9.186502,0.009050,0.103546,0.008410,4,1,1,1,0
20260730_043855_185285_seed42,4,21888,91.200000,polystyrene tube 1,3,0.077340,2.476106,9.186723,-0.018635,0.072158,-0.004781,3,1,1,1,0
20260730_043855_185285_seed42,4,21896,91.233333,polystyrene tube 1,3,0.076671,2.477950,9.185984,-0.016739,0.045604,-0.034072,4,1,1,1,0
20260730_043855_185285_seed42,4,21904,91.266667,polystyrene tube 1,3,0.076592,2.479071,9.182758,0.007886,0.020809,-0.180872,4,1,1,1,0
20260730_043855_185285_seed42,4,21912,91.300000,polystyrene tube 1,3,0.076275,2.480639,9.176544,-0.128470,0.074874,0.117591,4,1,1,1,0
20260730_043855_185285_seed42,4,21920,91.333333,polystyrene tube 1,3,0.072546,2.483422,9.178025,-0.094378,0.085414,-0.023611,4,1,1,1,0
20260730_043855_185285_seed42,4,21928,91.366667,polystyrene tube 1,3,0.070955,2.486674,9.177046,-0.009793,0.092982,-0.014418,4,1,1,1,0
20260730_043855_185285_seed42,4,21936,91.400000,polystyrene tube 1,3,0.071473,2.489801,9.176626,0.034636,0.094726,-0.007119,4,1,1,1,0
20260730_043855_185285_seed42,4,21944,91.433333,polystyrene tube 1,3,0.072898,2.493281,9.176356,0.045933,0.109069,-0.009707,4,1,1,1,0
20260730_043855_185285_seed42,4,21952,91.466667,polystyrene tube 1,3,0.074757,2.496994,9.176014,0.065524,0.113372,-0.012079,4,1,1,1,0
20260730_043855_185285_seed42,4,21960,91.500000,polystyrene tube 1,3,0.077462,2.500884,9.175265,0.097524,0.117050,-0.033489,4,1,1,1,0
20260730_043855_185285_seed42,4,21968,91.533333,polystyrene tube 1,3,0.080109,2.504953,9.174240,0.052583,0.126920,-0.029771,4,1,1,1,0
20260730_043855_185285_seed42,4,21976,91.566667,polystyrene tube 1,3,0.082452,2.509255,9.173066,0.092183,0.129491,-0.037094,4,1,1,1,0
20260730_043855_185285_seed42,4,21984,91.600000,polystyrene tube 1,3,0.086325,2.513735,9.171904,0.134275,0.139749,-0.031995,4,1,1,1,0
20260730_043855_185285_seed42,4,21992,91.633333,polystyrene tube 1,3,0.091221,2.519233,9.169669,0.164863,0.211433,-0.125020,4,1,1,1,0
20260730_043855_185285_seed42,4,22000,91.666667,polystyrene tube 1,3,0.097961,2.524688,9.167610,0.231801,0.154632,-0.052206,4,1,1,1,0
20260730_043855_185285_seed42,4,22008,91.700000,polystyrene tube 1,3,0.100526,2.530970,9.166278,0.074405,0.182931,-0.002371,4,1,1,1,0
20260730_043855_185285_seed42,4,22016,91.733333,polystyrene tube 1,3,0.103670,2.536744,9.166212,0.109144,0.166014,-0.000621,4,1,1,1,0
20260730_043855_185285_seed42,4,22024,91.766667,polystyrene tube 1,3,0.107446,2.542064,9.166423,0.127821,0.155719,0.009773,4,1,1,1,0
20260730_043855_185285_seed42,4,22032,91.800000,polystyrene tube 1,3,0.112149,2.547130,9.166922,0.146787,0.148250,0.021466,4,1,1,1,0
20260730_043855_185285_seed42,4,22040,91.833333,polystyrene tube 1,3,0.116732,2.551842,9.167935,0.121741,0.133409,0.001965,4,1,1,1,0
20260730_043855_185285_seed42,4,22048,91.866667,polystyrene tube 1,3,0.120495,2.556109,9.166998,0.107580,0.123834,-0.012289,4,1,1,1,0
20260730_043855_185285_seed42,4,22056,91.900000,polystyrene tube 1,3,0.123824,2.560089,9.166500,0.092748,0.115595,-0.018652,4,1,1,1,0
20260730_043855_185285_seed42,4,22064,91.933333,polystyrene tube 1,3,0.126672,2.563835,9.165766,0.078983,0.110086,-0.025732,4,1,1,1,0
20260730_043855_185285_seed42,4,22072,91.966667,polystyrene tube 1,3,0.129030,2.567599,9.166087,0.064536,0.109034,0.006215,4,1,1,1,0
20260730_043855_185285_seed42,4,22080,92.000000,polystyrene tube 1,3,0.130967,2.571027,9.166227,0.052669,0.096848,0.002969,4,1,1,1,0
20260730_043855_185285_seed42,4,22088,92.033333,polystyrene tube 1,3,0.132521,2.573995,9.166245,0.041680,0.081808,-0.000927,4,1,1,1,0
20260730_043855_185285_seed42,4,22096,92.066667,polystyrene tube 1,3,0.133704,2.576593,9.166212,0.030132,0.075005,-0.000969,4,1,1,1,0
20260730_043855_185285_seed42,4,22104,92.100000,polystyrene tube 1,3,0.134539,2.578899,9.166182,0.020591,0.064099,-0.000884,4,1,1,1,0
20260730_043855_185285_seed42,4,22112,92.133333,polystyrene tube 1,3,0.135054,2.580850,9.166151,0.010825,0.053728,-0.001003,4,1,1,1,0
20260730_043855_185285_seed42,4,22120,92.166667,polystyrene tube 1,3,0.135237,2.582482,9.166109,0.000822,0.045524,-0.001553,4,1,1,1,0
20260730_043855_185285_seed42,4,22128,92.200000,polystyrene tube 1,3,0.135103,2.583995,9.166040,-0.007884,0.047130,-0.002627,4,1,1,1,0
20260730_043855_185285_seed42,4,22136,92.233333,polystyrene tube 1,3,0.134734,2.585742,9.165922,-0.013374,0.057998,-0.004509,4,1,1,1,0
20260730_043855_185285_seed42,4,22144,92.266667,polystyrene tube 1,3,0.134274,2.587923,9.165639,-0.013634,0.072014,-0.012482,4,1,1,1,0
20260730_043855_185285_seed42,4,22152,92.300000,polystyrene tube 1,3,0.133768,2.590471,9.165513,-0.016162,0.072127,0.014313,4,1,1,1,0
20260730_043855_185285_seed42,4,22160,92.333333,polystyrene tube 1,3,0.133247,2.592512,9.165916,-0.014346,0.052936,0.009108,4,1,1,1,0
20260730_043855_185285_seed42,4,22168,92.366667,polystyrene tube 1,3,0.132830,2.594051,9.166158,-0.011028,0.040862,0.005938,4,1,1,1,0
20260730_043855_185285_seed42,4,22176,92.400000,polystyrene tube 1,3,0.132507,2.595254,9.166320,-0.008673,0.032373,0.004051,4,1,1,1,0
20260730_043855_185285_seed42,4,22184,92.433333,polystyrene tube 1,3,0.132247,2.596228,9.166433,-0.007101,0.026825,0.002895,4,1,1,1,0
20260730_043855_185285_seed42,4,22192,92.466667,polystyrene tube 1,3,0.132029,2.597061,9.166516,-0.006180,0.023747,0.002170,3,1,1,1,0
20260730_043855_185285_seed42,4,22200,92.500000,polystyrene tube 1,3,0.131834,2.597829,9.166576,-0.005525,0.022549,0.001398,3,1,1,1,0
20260730_043855_185285_seed42,4,22208,92.533333,polystyrene tube 1,3,0.131671,2.598554,9.166598,-0.004468,0.020690,0.000324,3,1,1,1,0
20260730_043855_185285_seed42,4,22216,92.566667,polystyrene tube 1,3,0.131531,2.599214,9.166602,-0.003823,0.019016,-0.000221,3,1,1,1,0
20260730_043855_185285_seed42,4,22224,92.600000,polystyrene tube 1,3,0.131409,2.599821,9.166593,-0.003502,0.017370,-0.000325,3,1,1,1,0
20260730_043855_185285_seed42,4,22232,92.633333,polystyrene tube 1,3,0.131300,2.600364,9.166581,-0.003125,0.015493,-0.000393,3,1,1,1,0
20260730_043855_185285_seed42,4,22240,92.666667,polystyrene tube 1,3,0.131199,2.600862,9.166566,-0.002946,0.014604,-0.000462,3,1,1,1,0
20260730_043855_185285_seed42,4,22248,92.700000,polystyrene tube 1,3,0.131101,2.601347,9.166550,-0.002954,0.014649,-0.000553,3,1,1,1,0
20260730_043855_185285_seed42,4,22256,92.733333,polystyrene tube 1,3,0.131000,2.601850,9.166529,-0.003148,0.015644,-0.000688,3,1,1,1,0
20260730_043855_185285_seed42,4,22264,92.766667,polystyrene tube 1,3,0.130889,2.602404,9.166502,-0.003546,0.017659,-0.000897,2,1,1,1,0
20260730_043855_185285_seed42,4,22272,92.800000,polystyrene tube 1,3,0.130760,2.603045,9.166467,-0.004145,0.020738,-0.001249,1,1,1,1,0
20260730_043855_185285_seed42,4,22280,92.833333,polystyrene tube 1,3,0.130606,2.603809,9.166418,-0.005077,0.025073,-0.001687,2,1,1,1,0
20260730_043855_185285_seed42,4,22288,92.866667,polystyrene tube 1,3,0.130441,2.604641,9.166350,-0.003290,0.019330,-0.002244,2,1,1,1,0
20260730_043855_185285_seed42,4,22296,92.900000,polystyrene tube 1,3,0.130307,2.605381,9.166271,-0.004599,0.024511,-0.002625,2,1,1,1,0
20260730_043855_185285_seed42,4,22304,92.933333,polystyrene tube 1,3,0.130139,2.606288,9.166166,-0.005446,0.029780,-0.003696,2,1,1,1,0
20260730_043855_185285_seed42,4,22312,92.966667,polystyrene tube 1,3,0.129949,2.607383,9.166010,-0.005815,0.035562,-0.005748,1,1,1,1,0
20260730_043855_185285_seed42,4,22320,93.000000,polystyrene tube 1,3,0.129887,2.608661,9.165905,0.007964,0.039764,0.009304,1,1,1,1,0
20260730_043855_185285_seed42,4,22328,93.033333,polystyrene tube 1,3,0.130115,2.609816,9.166097,0.006060,0.028306,0.003621,1,1,1,1,0
20260730_043855_185285_seed42,4,22336,93.066667,polystyrene tube 1,3,0.130294,2.610460,9.166173,0.004716,0.011195,0.001282,1,1,1,1,0
20260730_043855_185285_seed42,4,22344,93.100000,polystyrene tube 1,3,0.130427,2.610531,9.166182,0.003434,-0.005799,-0.000542,1,1,1,1,0
20260730_043855_185285_seed42,4,22352,93.133333,polystyrene tube 1,3,0.130530,2.610087,9.166133,0.003596,-0.019265,-0.002429,1,1,1,1,0
20260730_043855_185285_seed42,4,22360,93.166667,polystyrene tube 1,3,0.130699,2.609231,9.166008,0.006429,-0.031580,-0.005012,3,1,1,1,0
20260730_043855_185285_seed42,4,22368,93.200000,polystyrene tube 1,3,0.130968,2.607933,9.165785,0.009570,-0.045769,-0.008353,3,1,1,1,0
20260730_043855_185285_seed42,4,22376,93.233333,polystyrene tube 1,3,0.131236,2.606674,9.165895,0.006515,-0.028807,0.002399,4,1,1,1,0
20260730_043855_185285_seed42,4,22384,93.266667,polystyrene tube 1,3,0.131361,2.606101,9.165936,0.001301,-0.006302,0.000452,4,1,1,1,0
20260730_043855_185285_seed42,4,22392,93.300000,polystyrene tube 1,3,0.131340,2.606217,9.165922,-0.001897,0.010474,-0.001246,4,1,1,1,0
20260730_043855_185285_seed42,4,22400,93.333333,polystyrene tube 1,3,0.131229,2.606830,9.165846,-0.004644,0.025593,-0.003269,4,1,1,1,0
20260730_043855_185285_seed42,4,22408,93.366667,polystyrene tube 1,3,0.131039,2.607777,9.165852,-0.005243,0.022169,0.004796,4,1,1,1,0
20260730_043855_185285_seed42,4,22416,93.400000,polystyrene tube 1,3,0.130929,2.608237,9.165953,-0.001646,0.006494,0.001505,4,1,1,1,0
20260730_043855_185285_seed42,4,22424,93.433333,polystyrene tube 1,3,0.130934,2.608193,9.165951,0.001646,-0.007847,-0.001380,4,1,1,1,0
20260730_043855_185285_seed42,4,22432,93.466667,polystyrene tube 1,3,0.131045,2.607683,9.165853,0.004882,-0.022020,-0.004355,4,1,1,1,0
20260730_043855_185285_seed42,4,22440,93.500000,polystyrene tube 1,3,0.131214,2.606877,9.165822,0.003227,-0.017374,0.001991,4,1,1,1,0
20260730_043855_185285_seed42,4,22448,93.533333,polystyrene tube 1,3,0.131253,2.606653,9.165852,-0.000253,0.001276,-0.000129,4,1,1,1,0
20260730_043855_185285_seed42,4,22456,93.566667,polystyrene tube 1,3,0.131195,2.606976,9.165811,-0.003148,0.017288,-0.002238,4,1,1,1,0
20260730_043855_185285_seed42,4,22464,93.600000,polystyrene tube 1,3,0.131073,2.607565,9.165838,-0.002515,0.010631,0.002327,4,1,1,1,0
20260730_043855_185285_seed42,5,27224,113.433333,polystyrene tube 1,3,-1.654530,1.176679,9.251070,0.773657,0.998951,0.427508,0,0,0,0,0
20260730_043855_185285_seed42,5,27232,113.466667,polystyrene tube 1,3,-1.610388,1.209947,9.275432,1.807699,0.997132,0.995058,0,0,0,0,0
20260730_043855_185285_seed42,5,27240,113.500000,polystyrene tube 1,3,-1.532472,1.243143,9.317876,2.791013,0.994668,1.503243,0,0,0,0,0
20260730_043855_185285_seed42,5,27248,113.533333,polystyrene tube 1,3,-1.424711,1.276240,9.375659,3.522115,0.991307,1.836242,0,0,0,0,0
20260730_043855_185285_seed42,5,27256,113.566667,polystyrene tube 1,3,-1.307118,1.309221,9.431708,3.529733,0.987767,1.546560,0,0,0,0,0
20260730_043855_185285_seed42,5,27264,113.600000,polystyrene tube 1,3,-1.189609,1.342084,9.478326,3.517756,0.984244,1.271956,0,0,0,0,0
20260730_043855_185285_seed42,5,27272,113.633333,polystyrene tube 1,3,-1.072787,1.374830,9.516040,3.490420,0.980775,1.010743,0,0,0,0,0
20260730_043855_185285_seed42,5,27280,113.666667,polystyrene tube 1,3,-0.956918,1.407464,9.544928,3.473266,0.977573,0.718237,0,0,0,0,0
20260730_043855_185285_seed42,5,27288,113.700000,polystyrene tube 1,3,-0.850710,1.438936,9.570856,1.626085,0.776989,1.916940,3,0,0,0,0
20260730_043855_185285_seed42,5,27296,113.733333,polystyrene tube 1,3,-0.795589,1.464851,9.628118,1.677007,0.778090,1.541449,1,0,0,0,0
20260730_043855_185285_seed42,5,27304,113.766667,polystyrene tube 1,3,-0.738877,1.490830,9.672783,1.721861,0.780746,1.161511,1,0,0,0,0
20260730_043855_185285_seed42,5,27312,113.800000,polystyrene tube 1,3,-0.681162,1.516947,9.705411,1.686333,0.789419,0.914300,1,0,0,0,0
20260730_043855_185285_seed42,5,27320,113.833333,polystyrene tube 1,3,-0.625712,1.543461,9.731822,1.641148,0.801470,0.692779,1,0,0,0,0
20260730_043855_185285_seed42,5,27328,113.866667,polystyrene tube 1,3,-0.571886,1.570456,9.751560,1.591130,0.817973,0.509305,1,0,0,0,0
20260730_043855_185285_seed42,5,27336,113.900000,polystyrene tube 1,3,-0.519702,1.598073,9.765734,1.543442,0.838408,0.356129,1,0,0,0,0
20260730_043855_185285_seed42,5,27344,113.933333,polystyrene tube 1,3,-0.468989,1.626422,9.775210,1.502988,0.861482,0.226109,1,0,0,0,0
20260730_043855_185285_seed42,5,27352,113.966667,polystyrene tube 1,3,-0.419442,1.655557,9.780635,1.473311,0.885328,0.112809,1,0,0,0,0
20260730_043855_185285_seed42,5,27360,114.000000,polystyrene tube 1,3,-0.370701,1.685482,9.783061,1.450971,0.908432,0.071919,3,1,1,1,0
20260730_043855_185285_seed42,5,27368,114.033333,polystyrene tube 1,3,-0.322713,1.715890,9.783247,1.431077,0.914106,-0.082010,2,1,1,1,0
20260730_043855_185285_seed42,5,27376,114.066667,polystyrene tube 1,3,-0.275264,1.746369,9.776978,1.417199,0.914030,-0.289760,2,1,1,1,0
20260730_043855_185285_seed42,5,27384,114.100000,polystyrene tube 1,3,-0.227874,1.776868,9.764651,1.412790,0.915243,-0.526464,0,1,1,1,0
20260730_043855_185285_seed42,5,27392,114.133333,polystyrene tube 1,3,-0.181304,1.807363,9.740425,1.382465,0.914242,-0.902883,0,1,1,1,0
20260730_043855_185285_seed42,5,27400,114.166667,polystyrene tube 1,3,-0.135832,1.837798,9.703728,1.347286,0.911782,-1.274905,0,1,1,1,0
20260730_043855_185285_seed42,5,27408,114.200000,polystyrene tube 1,3,-0.091611,1.868126,9.654716,1.307730,0.907883,-1.641976,0,1,1,1,0
20260730_043855_185285_seed42,5,27416,114.233333,polystyrene tube 1,3,-0.048779,1.898298,9.593564,1.264327,0.902587,-2.003587,0,1,1,1,0
20260730_043855_185285_seed42,5,27424,114.266667,polystyrene tube 1,3,-0.014120,1.931289,9.536731,0.342152,1.408037,-0.356766,5,1,1,1,0
20260730_043855_185285_seed42,5,27432,114.300000,polystyrene tube 1,3,-0.010309,1.979170,9.531041,0.071754,1.417607,-0.206283,5,1,1,1,0
20260730_043855_185285_seed42,5,27440,114.333333,polystyrene tube 1,3,-0.007479,2.026289,9.520277,0.095173,1.410169,-0.427281,3,1,1,1,0
20260730_043855_185285_seed42,5,27448,114.366667,polystyrene tube 1,3,-0.004081,2.073163,9.501944,0.105033,1.402415,-0.660613,1,1,1,1,0
20260730_043855_185285_seed42,5,27456,114.400000,polystyrene tube 1,3,-0.000576,2.119738,9.475663,0.097632,1.391190,-0.906430,1,1,1,1,0
20260730_043855_185285_seed42,5,27464,114.433333,polystyrene tube 1,3,0.001918,2.165753,9.440759,0.045925,1.368436,-1.174785,3,1,1,1,0
20260730_043855_185285_seed42,5,27472,114.466667,polystyrene tube 1,3,0.002200,2.210805,9.396808,-0.025342,1.335250,-1.443204,2,1,1,1,0
20260730_043855_185285_seed42,5,27480,114.500000,polystyrene tube 1,3,0.000015,2.254567,9.344212,-0.101942,1.291073,-1.692934,4,1,1,1,0
20260730_043855_185285_seed42,5,27488,114.533333,polystyrene tube 1,3,-0.004820,2.296586,9.283310,-0.185981,1.230436,-1.943458,4,1,1,1,0
20260730_043855_185285_seed42,5,27496,114.566667,polystyrene tube 1,3,-0.012801,2.336191,9.214264,-0.294332,1.143490,-2.177509,2,1,1,1,0
20260730_043855_185285_seed42,5,27504,114.600000,polystyrene tube 1,3,-0.024858,2.379808,9.186069,-0.324904,1.373400,0.227962,1,1,1,1,0
20260730_043855_185285_seed42,5,27512,114.633333,polystyrene tube 1,3,-0.036098,2.425408,9.188641,-0.355355,1.371534,-0.018461,1,1,1,1,0
20260730_043855_185285_seed42,5,27520,114.666667,polystyrene tube 1,3,-0.048198,2.469892,9.192577,-0.369657,1.319390,0.088647,1,1,1,1,0
20260730_043855_185285_seed42,5,27528,114.700000,polystyrene tube 1,3,-0.060989,2.513828,9.191366,-0.411213,1.306354,-0.009369,1,1,1,1,0
20260730_043855_185285_seed42,5,27536,114.733333,polystyrene tube 1,3,-0.075209,2.556847,9.189453,-0.433844,1.266535,-0.080079,0,1,1,1,0
20260730_043855_185285_seed42,5,27544,114.766667,polystyrene tube 1,3,-0.089871,2.598565,9.182559,-0.454787,1.211207,-0.176220,0,1,1,1,0
20260730_043855_185285_seed42,5,27552,114.800000,polystyrene tube 1,3,-0.106207,2.636878,9.182859,-0.495763,1.134223,-0.082374,0,1,1,1,0
20260730_043855_185285_seed42,5,27560,114.833333,polystyrene tube 1,3,-0.122185,2.673685,9.182886,-0.470614,1.082248,0.016672,0,1,1,1,0
20260730_043855_185285_seed42,5,27568,114.866667,polystyrene tube 1,3,-0.137598,2.708976,9.183723,-0.460914,1.042478,-0.013297,0,1,1,1,0
20260730_043855_185285_seed42,5,27576,114.900000,polystyrene tube 1,3,-0.152922,2.742936,9.184149,-0.459358,1.000013,0.008390,0,1,1,1,0
20260730_043855_185285_seed42,5,27584,114.933333,polystyrene tube 1,3,-0.168208,2.775605,9.183997,-0.457963,0.961416,-0.009016,0,1,1,1,0
20260730_043855_185285_seed42,5,27592,114.966667,polystyrene tube 1,3,-0.183435,2.806929,9.183960,-0.455464,0.920655,0.013048,0,1,1,1,0
20260730_043855_185285_seed42,5,27600,115.000000,polystyrene tube 1,3,-0.198550,2.836918,9.184334,-0.445811,0.877792,0.039605,0,1,1,1,0
20260730_043855_185285_seed42,5,27608,115.033333,polystyrene tube 1,3,-0.213328,2.865625,9.183753,-0.442326,0.843004,-0.018826,0,1,1,1,0
20260730_043855_185285_seed42,5,27616,115.066667,polystyrene tube 1,3,-0.227943,2.890761,9.192792,-0.438151,0.728286,0.235714,0,1,1,1,0
20260730_043855_185285_seed42,5,27624,115.100000,polystyrene tube 1,3,-0.242504,2.914078,9.199036,-0.433978,0.663203,0.191217,0,1,1,1,0
20260730_043855_185285_seed42,5,27632,115.133333,polystyrene tube 1,3,-0.256863,2.934950,9.204548,-0.427868,0.593054,0.143750,0,1,1,1,0
20260730_043855_185285_seed42,5,27640,115.166667,polystyrene tube 1,3,-0.271015,2.953398,9.208769,-0.421614,0.519159,0.108529,0,1,1,1,0
20260730_043855_185285_seed42,5,27648,115.200000,polystyrene tube 1,3,-0.284945,2.969120,9.212874,-0.415483,0.434909,0.113649,0,1,1,1,0
20260730_043855_185285_seed42,5,27656,115.233333,polystyrene tube 1,3,-0.298782,2.983072,9.213620,-0.414903,0.405369,0.005474,0,1,1,1,0
20260730_043855_185285_seed42,5,27664,115.266667,polystyrene tube 1,3,-0.312621,2.996080,9.213442,-0.415120,0.377070,-0.015909,0,1,1,1,0
20260730_043855_185285_seed42,5,27672,115.300000,polystyrene tube 1,3,-0.326455,3.008063,9.213964,-0.415653,0.345742,0.013307,0,1,1,1,0
20260730_043855_185285_seed42,5,27680,115.333333,polystyrene tube 1,3,-0.340346,3.019097,9.213992,-0.417506,0.317833,-0.007911,0,1,1,1,0
20260730_043855_185285_seed42,5,27688,115.366667,polystyrene tube 1,3,-0.354327,3.029167,9.213914,-0.421338,0.287451,0.016288,0,1,1,1,0
20260730_043855_185285_seed42,5,27696,115.400000,polystyrene tube 1,3,-0.368492,3.038262,9.214054,-0.428905,0.260109,-0.007542,0,1,1,1,0
20260730_043855_185285_seed42,5,27704,115.433333,polystyrene tube 1,3,-0.382908,3.046475,9.213224,-0.436270,0.234145,-0.039470,0,1,1,1,0
20260730_043855_185285_seed42,5,27712,115.466667,polystyrene tube 1,3,-0.397700,3.053831,9.211244,-0.453637,0.209791,-0.090812,0,1,1,1,0
20260730_043855_185285_seed42,5,27720,115.500000,polystyrene tube 1,3,-0.412282,3.060310,9.206671,-0.398902,0.181709,-0.229213,0,1,1,1,0
20260730_043855_185285_seed42,5,27728,115.533333,polystyrene tube 1,3,-0.427240,3.065911,9.197496,-0.489696,0.155572,-0.330089,0,1,1,1,0
20260730_043855_185285_seed42,5,27736,115.566667,polystyrene tube 1,3,-0.438086,3.070474,9.186307,0.062872,0.103076,-0.104850,0,1,1,1,0
20260730_043855_185285_seed42,5,27744,115.600000,polystyrene tube 1,3,-0.437055,3.073102,9.184985,-0.006477,0.059862,-0.000808,0,1,1,1,0
20260730_043855_185285_seed42,5,27752,115.633333,polystyrene tube 1,3,-0.437184,3.074435,9.185429,-0.003694,0.024615,0.016979,0,1,1,1,0
20260730_043855_185285_seed42,5,27760,115.666667,polystyrene tube 1,3,-0.437084,3.074840,9.185556,0.001747,0.004591,-0.012018,0,1,1,1,0
20260730_043855_185285_seed42,5,27768,115.700000,polystyrene tube 1,3,-0.437089,3.074868,9.185266,-0.001540,-0.001183,-0.006343,0,1,1,1,0
20260730_043855_185285_seed42,5,27776,115.733333,polystyrene tube 1,3,-0.437106,3.074815,9.185122,-0.000032,-0.001453,-0.002633,0,1,1,1,0
20260730_043855_185285_seed42,5,27784,115.766667,polystyrene tube 1,3,-0.437105,3.074790,9.185084,0.000005,-0.000048,-0.000013,0,1,1,1,0
20260730_043855_185285_seed42,5,27792,115.800000,polystyrene tube 1,3,-0.437105,3.074790,9.185083,-0.000002,0.000003,0.000016,0,1,1,1,0
20260730_043855_185285_seed42,5,27800,115.833333,polystyrene tube 1,3,-0.437105,3.074790,9.185084,-0.000003,0.000003,0.000013,0,1,1,1,0
20260730_043855_185285_seed42,5,27808,115.866667,polystyrene tube 1,3,-0.437105,3.074790,9.185084,0.000000,0.000001,0.000006,0,1,1,1,0
20260730_043855_185285_seed42,5,27816,115.900000,polystyrene tube 1,3,-0.437105,3.074790,9.185084,-0.000004,0.000002,0.000008,0,1,1,1,0
20260730_043855_185285_seed42,5,27824,115.933333,polystyrene tube 1,3,-0.437105,3.074790,9.185084,-0.000010,0.000004,0.000010,0,1,1,1,0
20260730_043855_185285_seed42,5,27832,115.966667,polystyrene tube 1,3,-0.437105,3.074790,9.185084,-0.000009,0.000003,0.000012,0,1,1,1,0
20260730_043855_185285_seed42,5,27840,116.000000,polystyrene tube 1,3,-0.437105,3.074790,9.185084,-0.000002,0.000001,0.000006,0,1,1,1,0
20260730_043855_185285_seed42,5,27848,116.033333,polystyrene tube 1,3,-0.437105,3.074790,9.185083,-0.000023,0.000011,0.000027,0,1,1,1,0
20260730_043855_185285_seed42,5,27856,116.066667,polystyrene tube 1,3,-0.437105,3.074790,9.185083,-0.000034,0.000017,0.000039,0,1,1,1,0
20260730_043855_185285_seed42,5,27864,116.100000,polystyrene tube 1,3,-0.437105,3.074790,9.185083,-0.000026,0.000014,0.000037,0,1,1,1,0
20260730_043855_185285_seed42,5,27872,116.133333,polystyrene tube 1,3,-0.437104,3.074790,9.185082,-0.000041,0.000021,0.000046,0,1,1,1,0
20260730_043855_185285_seed42,5,27880,116.166667,polystyrene tube 1,3,-0.437105,3.074790,9.185083,-0.000012,0.000007,0.000024,0,1,1,1,0
20260730_043855_185285_seed42,5,27888,116.200000,polystyrene tube 1,3,-0.437105,3.074790,9.185083,-0.000009,0.000005,0.000022,0,1,1,1,0
20260730_043855_185285_seed42,5,27896,116.233333,polystyrene tube 1,3,-0.437105,3.074790,9.185083,-0.000020,0.000010,0.000031,0,1,1,1,0
20260730_043855_185285_seed42,5,27904,116.266667,polystyrene tube 1,3,-0.437105,3.074791,9.185084,-0.000005,0.000003,0.000015,0,1,1,1,0
20260730_043855_185285_seed42,5,27912,116.300000,polystyrene tube 1,3,-0.437105,3.074791,9.185084,-0.000001,0.000002,0.000008,0,1,1,1,0
20260730_043855_185285_seed42,5,27920,116.333333,polystyrene tube 1,3,-0.437105,3.074791,9.185084,0.000001,0.000001,0.000004,0,1,1,1,0
20260730_043855_185285_seed42,5,27928,116.366667,polystyrene tube 1,3,-0.437104,3.074790,9.185083,-0.000042,0.000019,0.000035,0,1,1,1,0
20260730_043855_185285_seed42,5,27936,116.400000,polystyrene tube 1,3,-0.437105,3.074791,9.185083,-0.000017,0.000008,0.000024,0,1,1,1,0
20260730_043855_185285_seed42,5,27944,116.433333,polystyrene tube 1,3,-0.437105,3.108122,9.245170,-0.000000,0.999833,-0.040873,0,1,1,1,0
20260730_043855_185285_seed42,5,27952,116.466667,polystyrene tube 1,3,-0.437105,3.174785,9.245170,-0.000000,0.999833,-0.040873,0,1,1,1,0
20260730_043855_185285_seed42,5,27960,116.500000,polystyrene tube 1,3,-0.437105,3.241447,9.245170,-0.000000,0.999833,-0.040873,0,1,1,1,0
20260730_043855_185285_seed42,5,27968,116.533333,polystyrene tube 1,3,-0.437105,3.308110,9.245170,-0.000000,0.999833,-0.040873,0,1,1,1,0
20260730_043855_185285_seed42,5,27976,116.566667,polystyrene tube 1,3,-0.437105,3.374772,9.245170,-0.000000,0.999833,-0.040873,0,1,1,1,0
20260730_043855_185285_seed42,5,27984,116.600000,polystyrene tube 1,3,-0.437105,3.441435,9.245170,-0.000000,0.999833,-0.040873,0,1,1,1,0
20260730_043855_185285_seed42,5,27992,116.633333,polystyrene tube 1,3,-0.437105,3.508097,9.245170,-0.000000,0.999833,-0.040873,0,1,1,1,0
20260730_043855_185285_seed42,5,28000,116.666667,polystyrene tube 1,3,-0.437105,3.574760,9.245170,-0.000000,0.999833,-0.040873,0,1,1,1,0
20260730_043855_185285_seed42,5,28008,116.700000,polystyrene tube 1,3,-0.437105,3.641422,9.245170,-0.000000,0.999833,-0.040873,0,1,1,1,0
20260730_043855_185285_seed42,5,28016,116.733333,polystyrene tube 1,3,-0.437105,3.708085,9.245170,-0.000000,0.999833,-0.040873,0,1,1,1,0
20260730_043855_185285_seed42,5,28024,116.766667,polystyrene tube 1,3,-0.437105,3.774747,9.245170,-0.000000,0.999833,-0.040873,0,1,1,1,0
20260730_043855_185285_seed42,5,28032,116.800000,polystyrene tube 1,3,-0.437105,3.841410,9.245170,-0.000000,0.999833,-0.040873,0,1,1,1,0
20260730_043855_185285_seed42,5,28040,116.833333,polystyrene tube 1,3,-0.437105,3.908072,9.245170,-0.000000,0.999833,-0.040873,0,1,1,1,0
20260730_043855_185285_seed42,5,28048,116.866667,polystyrene tube 1,3,-0.437105,3.974735,9.245170,-0.000000,0.999833,-0.040873,0,1,1,1,0
20260730_043855_185285_seed42,5,28056,116.900000,polystyrene tube 1,3,-0.437105,4.041397,9.245170,-0.000000,0.999833,-0.040873,0,1,1,1,0
20260730_043855_185285_seed42,5,28064,116.933333,polystyrene tube 1,3,-0.437105,4.108060,9.245170,-0.000000,0.999833,-0.040873,0,1,1,1,0
20260730_043855_185285_seed42,5,28072,116.966667,polystyrene tube 1,3,-0.437105,4.174722,9.245170,-0.000000,0.999833,-0.040873,0,1,1,1,0
20260730_043855_185285_seed42,5,28080,117.000000,polystyrene tube 1,3,-0.437105,4.241385,9.245170,-0.000000,0.999833,-0.040873,0,1,1,1,0
20260730_043855_185285_seed42,5,28088,117.033333,polystyrene tube 1,3,-0.437105,4.308047,9.245170,-0.000000,0.999833,-0.040873,0,1,1,1,0
20260730_043855_185285_seed42,5,28096,117.066667,polystyrene tube 1,3,-0.437105,4.374710,9.245170,-0.000000,0.999833,-0.040873,0,1,1,1,0
20260730_043855_185285_seed42,5,28104,117.100000,polystyrene tube 1,3,-0.437105,4.441372,9.245170,-0.000000,0.999833,-0.040873,0,1,1,1,0
20260730_043855_185285_seed42,5,28112,117.133333,polystyrene tube 1,3,-0.437105,4.508035,9.245170,-0.000000,0.999833,-0.040873,0,1,1,1,0
20260730_043855_185285_seed42,5,28120,117.166667,polystyrene tube 1,3,-0.437105,4.574697,9.245170,-0.000000,0.999833,-0.040873,0,1,1,1,0
20260730_043855_185285_seed42,5,28128,117.200000,polystyrene tube 1,3,-0.437105,4.641360,9.245170,-0.000000,0.999833,-0.040873,0,1,1,1,0
20260730_043855_185285_seed42,5,28136,117.233333,polystyrene tube 1,3,-0.437105,4.708022,9.245170,-0.000000,0.999833,-0.040873,0,1,1,1,0
20260730_043855_185285_seed42,5,28144,117.266667,polystyrene tube 1,3,-0.437105,4.774685,9.245170,-0.000000,0.999833,-0.040873,0,1,1,1,0
20260730_043855_185285_seed42,5,28152,117.300000,polystyrene tube 1,3,-0.437105,4.841347,9.245170,-0.000000,0.999833,-0.040873,0,1,1,1,0
20260730_043855_185285_seed42,5,28160,117.333333,polystyrene tube 1,3,-0.437105,4.908010,9.245170,-0.000000,0.999833,-0.040873,0,1,1,1,0
20260730_043855_185285_seed42,5,28168,117.366667,polystyrene tube 1,3,-0.437105,4.974672,9.245170,-0.000000,0.999833,-0.040873,0,1,1,1,0
20260730_043855_185285_seed42,5,28176,117.400000,polystyrene tube 1,3,-0.437105,5.041335,9.245170,-0.000000,0.999833,-0.040873,0,1,1,1,0
20260730_043855_185285_seed42,6,33416,139.233333,polystyrene tube 2,4,-2.343977,3.180840,9.259094,1.350831,0.998664,0.887830,0,0,0,0,0
20260730_043855_185285_seed42,6,33424,139.266667,polystyrene tube 2,4,-2.271774,3.214090,9.306333,2.861470,0.996267,1.859328,0,0,0,0,0
20260730_043855_185285_seed42,6,33432,139.300000,polystyrene tube 2,4,-2.154348,3.247241,9.380848,4.025515,0.992910,2.488741,0,0,0,0,0
20260730_043855_185285_seed42,6,33440,139.333333,polystyrene tube 2,4,-2.008802,3.280270,9.466116,4.531590,0.989009,2.495337,0,0,0,0,0
20260730_043855_185285_seed42,6,33448,139.366667,polystyrene tube 2,4,-1.856341,3.313167,9.542583,4.609848,0.985097,2.114546,0,0,0,0,0
20260730_043855_185285_seed42,6,33456,139.400000,polystyrene tube 2,4,-1.701422,3.345936,9.606158,4.679411,0.981282,1.722766,0,0,0,0,0
20260730_043855_185285_seed42,6,33464,139.433333,polystyrene tube 2,4,-1.544360,3.378579,9.656503,4.738743,0.977554,1.321612,0,0,0,0,0
20260730_043855_185285_seed42,6,33472,139.466667,polystyrene tube 2,4,-1.386704,3.411078,9.696858,4.699813,0.972336,1.169009,0,0,0,0,0
20260730_043855_185285_seed42,6,33480,139.500000,polystyrene tube 2,4,-1.230037,3.443416,9.730490,4.700300,0.968237,0.865172,0,0,0,0,0
20260730_043855_185285_seed42,6,33488,139.533333,polystyrene tube 2,4,-1.073433,3.475618,9.754113,4.695415,0.964187,0.573372,0,0,0,0,0
20260730_043855_185285_seed42,6,33496,139.566667,polystyrene tube 2,4,-0.917096,3.507686,9.768533,4.686003,0.960157,0.304455,0,0,0,0,0
20260730_043855_185285_seed42,6,33504,139.600000,polystyrene tube 2,4,-0.761039,3.539623,9.773827,4.678130,0.956315,0.029893,0,0,0,0,0
20260730_043855_185285_seed42,6,33512,139.633333,polystyrene tube 2,4,-0.605227,3.571423,9.770072,4.670854,0.951755,-0.243719,0,0,0,0,0
20260730_043855_185285_seed42,6,33520,139.666667,polystyrene tube 2,4,-0.450008,3.601787,9.765216,4.640376,0.880749,-0.129719,0,0,0,0,0
20260730_043855_185285_seed42,6,33528,139.700000,polystyrene tube 2,4,-0.306760,3.630979,9.753473,4.217564,0.874599,-0.614680,1,1,1,1,0
20260730_043855_185285_seed42,6,33536,139.733333,polystyrene tube 2,4,-0.168187,3.660122,9.722945,4.095976,0.874153,-1.176799,1,1,1,1,0
20260730_043855_185285_seed42,6,33544,139.766667,polystyrene tube 2,4,-0.034529,3.689266,9.674289,3.926956,0.874617,-1.702902,1,1,1,1,0
20260730_043855_185285_seed42,6,33552,139.800000,polystyrene tube 2,4,0.057484,3.719184,9.638087,1.024163,0.933791,0.086348,5,1,1,1,0
20260730_043855_185285_seed42,6,33560,139.833333,polystyrene tube 2,4,0.089048,3.751223,9.654510,0.894766,0.968043,0.493157,3,1,1,1,0
20260730_043855_185285_seed42,6,33568,139.866667,polystyrene tube 2,4,0.119491,3.783422,9.667850,0.927189,0.960019,0.333053,5,1,1,1,0
20260730_043855_185285_seed42,6,33576,139.900000,polystyrene tube 2,4,0.149682,3.815501,9.675367,0.794791,0.975443,0.294624,3,1,1,1,0
20260730_043855_185285_seed42,6,33584,139.933333,polystyrene tube 2,4,0.174654,3.848294,9.684639,0.696339,0.992057,0.274489,5,1,1,1,0
20260730_043855_185285_seed42,6,33592,139.966667,polystyrene tube 2,4,0.196183,3.881618,9.693189,0.594113,1.006778,0.246899,3,1,1,1,0
20260730_043855_185285_seed42,6,33600,140.000000,polystyrene tube 2,4,0.215423,3.915316,9.699877,0.536691,1.020274,0.180817,5,1,1,1,0
20260730_043855_185285_seed42,6,33608,140.033333,polystyrene tube 2,4,0.232065,3.949654,9.704948,0.495035,1.035053,0.118356,6,1,1,1,0
20260730_043855_185285_seed42,6,33616,140.066667,polystyrene tube 2,4,0.246503,3.984613,9.708499,0.412013,1.056505,0.071783,6,1,1,1,0
20260730_043855_185285_seed42,6,33624,140.100000,polystyrene tube 2,4,0.258760,4.020316,9.710055,0.336246,1.083550,0.022156,6,1,1,1,0
20260730_043855_185285_seed42,6,33632,140.133333,polystyrene tube 2,4,0.268940,4.056837,9.707833,0.269912,1.114155,-0.117372,5,1,1,1,0
20260730_043855_185285_seed42,6,33640,140.166667,polystyrene tube 2,4,0.275005,4.094459,9.702095,0.100263,1.135689,-0.216035,4,1,1,1,0
20260730_043855_185285_seed42,6,33648,140.200000,polystyrene tube 2,4,0.278741,4.132821,9.690871,0.117969,1.158313,-0.463100,4,1,1,1,0
20260730_043855_185285_seed42,6,33656,140.233333,polystyrene tube 2,4,0.282906,4.171814,9.670625,0.126965,1.172923,-0.751096,4,1,1,1,0
20260730_043855_185285_seed42,6,33664,140.266667,polystyrene tube 2,4,0.290197,4.211599,9.654503,0.218516,1.223131,-0.349711,3,1,1,1,0
20260730_043855_185285_seed42,6,33672,140.300000,polystyrene tube 2,4,0.297535,4.252826,9.640920,0.235194,1.243644,-0.473443,3,1,1,1,0
20260730_043855_185285_seed42,6,33680,140.333333,polystyrene tube 2,4,0.303711,4.295354,9.623848,-0.007142,1.330906,-0.452063,3,1,1,1,0
20260730_043855_185285_seed42,6,33688,140.366667,polystyrene tube 2,4,0.304224,4.339969,9.605580,0.033734,1.344374,-0.636708,2,1,1,1,0
20260730_043855_185285_seed42,6,33696,140.400000,polystyrene tube 2,4,0.306259,4.385088,9.581196,0.078809,1.358897,-0.829597,0,1,1,1,0
20260730_043855_185285_seed42,6,33704,140.433333,polystyrene tube 2,4,0.309402,4.430577,9.549787,0.102492,1.366470,-1.054912,0,1,1,1,0
20260730_043855_185285_seed42,6,33712,140.466667,polystyrene tube 2,4,0.313118,4.476192,9.510453,0.113497,1.366109,-1.303777,0,1,1,1,0
20260730_043855_185285_seed42,6,33720,140.500000,polystyrene tube 2,4,0.316962,4.521624,9.462437,0.111947,1.356350,-1.570819,0,1,1,1,0
20260730_043855_185285_seed42,6,33728,140.533333,polystyrene tube 2,4,0.320505,4.566526,9.405230,0.098031,1.335985,-1.848532,0,1,1,1,0
20260730_043855_185285_seed42,6,33736,140.566667,polystyrene tube 2,4,0.330261,4.586059,9.361771,0.476663,-0.099499,-0.789747,0,1,1,1,0
20260730_043855_185285_seed42,6,33744,140.600000,polystyrene tube 2,4,0.346299,4.580964,9.332253,0.476928,-0.177334,-0.996490,1,1,1,1,0
20260730_043855_185285_seed42,6,33752,140.633333,polystyrene tube 2,4,0.348036,4.586648,9.310331,-0.079365,0.210957,-0.527353,3,1,1,1,0
20260730_043855_185285_seed42,6,33760,140.666667,polystyrene tube 2,4,0.343840,4.594075,9.292686,-0.165963,0.274146,-0.614907,4,1,1,1,0
20260730_043855_185285_seed42,6,33768,140.700000,polystyrene tube 2,4,0.337335,4.603648,9.270515,-0.246790,0.255668,-0.501111,2,1,1,1,0
20260730_043855_185285_seed42,6,33776,140.733333,polystyrene tube 2,4,0.328797,4.612005,9.248916,-0.263074,0.246514,-0.770544,2,1,1,1,0
20260730_043855_185285_seed42,6,33784,140.766667,polystyrene tube 2,4,0.319164,4.621797,9.218666,-0.310202,0.329810,-1.029695,4,1,1,1,0
20260730_043855_185285_seed42,6,33792,140.800000,polystyrene tube 2,4,0.307800,4.636510,9.185424,-0.330356,0.330162,-0.977776,3,1,1,1,0
20260730_043855_185285_seed42,6,33800,140.833333,polystyrene tube 2,4,0.296087,4.647345,9.148827,-0.371824,0.320769,-1.200187,4,1,1,1,0
20260730_043855_185285_seed42,6,33808,140.866667,polystyrene tube 2,4,0.286815,4.659372,9.122918,-0.254361,0.605053,-0.704659,4,1,1,1,0
20260730_043855_185285_seed42,6,33816,140.900000,polystyrene tube 2,4,0.279371,4.679948,9.100215,-0.199075,0.622125,-0.678446,2,1,1,1,0
20260730_043855_185285_seed42,6,33824,140.933333,polystyrene tube 2,4,0.273057,4.697932,9.076515,-0.264484,0.011804,-0.649515,2,1,1,1,0
20260730_043855_185285_seed42,6,33832,140.966667,polystyrene tube 2,4,0.266312,4.698576,9.054524,-0.152545,0.023964,-0.683059,1,1,1,1,0
20260730_043855_185285_seed42,6,33840,141.000000,polystyrene tube 2,4,0.262534,4.699704,9.029790,-0.086956,0.039806,-0.797051,1,1,1,1,0
20260730_043855_185285_seed42,6,33848,141.033333,polystyrene tube 2,4,0.260372,4.701177,9.000681,-0.047727,0.047211,-0.948691,1,1,1,1,0
20260730_043855_185285_seed42,6,33856,141.066667,polystyrene tube 2,4,0.259098,4.702268,8.965593,-0.034240,0.024236,-1.153313,1,1,1,1,0
20260730_043855_185285_seed42,6,33864,141.100000,polystyrene tube 2,4,0.257796,4.703153,8.922775,-0.031263,0.028683,-1.389706,2,1,1,1,0
20260730_043855_185285_seed42,6,33872,141.133333,polystyrene tube 2,4,0.256586,4.704184,8.872040,-0.046909,0.032859,-1.645192,2,1,1,1,0
20260730_043855_185285_seed42,6,33880,141.166667,polystyrene tube 2,4,0.254533,4.705350,8.812427,-0.073551,0.036777,-1.914219,1,1,1,1,0
20260730_043855_185285_seed42,6,33888,141.200000,polystyrene tube 2,4,0.251705,4.706641,8.743900,-0.093799,0.040451,-2.180368,0,1,1,1,0
20260730_043855_185285_seed42,6,33896,141.233333,polystyrene tube 2,4,0.248316,4.708051,8.666543,-0.107588,0.043842,-2.444263,0,1,1,1,0
20260730_043855_185285_seed42,6,33904,141.266667,polystyrene tube 2,4,0.242836,4.712909,8.595515,-0.391871,0.581977,-0.307713,0,1,1,1,0
20260730_043855_185285_seed42,6,33912,141.300000,polystyrene tube 2,4,0.228320,4.730551,8.585749,-0.580516,0.237428,-0.159163,0,1,1,1,0
20260730_043855_185285_seed42,6,33920,141.333333,polystyrene tube 2,4,0.209559,4.737650,8.591481,-0.548896,0.208664,0.203272,0,1,1,1,0
20260730_043855_185285_seed42,6,33928,141.366667,polystyrene tube 2,4,0.191679,4.744286,8.596594,-0.526762,0.187818,0.091803,0,1,1,1,0
20260730_043855_185285_seed42,6,33936,141.400000,polystyrene tube 2,4,0.174332,4.750336,8.594956,-0.514597,0.176536,-0.179342,1,1,1,1,0
20260730_043855_185285_seed42,6,33944,141.433333,polystyrene tube 2,4,0.151957,4.761476,8.589044,-0.731242,0.303724,-0.267018,2,1,1,1,0
20260730_043855_185285_seed42,6,33952,141.466667,polystyrene tube 2,4,0.127096,4.771550,8.575024,-0.758125,0.300226,-0.556847,2,1,1,1,0
20260730_043855_185285_seed42,6,33960,141.500000,polystyrene tube 2,4,0.101074,4.781005,8.551607,-0.793275,0.274434,-0.837749,3,1,1,1,0
20260730_043855_185285_seed42,6,33968,141.533333,polystyrene tube 2,4,0.074413,4.789960,8.518301,-0.799707,0.268197,-1.150583,1,1,1,1,0
20260730_043855_185285_seed42,6,33976,141.566667,polystyrene tube 2,4,0.047784,4.798885,8.474205,-0.798141,0.267400,-1.474778,0,1,1,1,0
20260730_043855_185285_seed42,6,33984,141.600000,polystyrene tube 2,4,0.021209,4.807784,8.419317,-0.796427,0.266556,-1.798119,0,1,1,1,0
20260730_043855_185285_seed42,6,33992,141.633333,polystyrene tube 2,4,-0.005306,4.816654,8.353669,-0.794560,0.265664,-2.120472,0,1,1,1,0
20260730_043855_185285_seed42,6,34000,141.666667,polystyrene tube 2,4,-0.031756,4.825492,8.277294,-0.792537,0.264721,-2.441703,0,1,1,1,0
20260730_043855_185285_seed42,6,34008,141.700000,polystyrene tube 2,4,-0.058136,4.834299,8.190234,-0.790359,0.263729,-2.761680,0,1,1,1,0
20260730_043855_185285_seed42,6,34016,141.733333,polystyrene tube 2,4,-0.084440,4.843072,8.092533,-0.788025,0.262688,-3.080273,0,1,1,1,0
20260730_043855_185285_seed42,6,34024,141.766667,polystyrene tube 2,4,-0.110664,4.851809,7.984238,-0.785536,0.261597,-3.397351,0,1,1,1,1
20260730_043855_185285_seed42,6,34032,141.800000,polystyrene tube 2,4,-0.136802,4.860509,7.865402,-0.782893,0.260458,-3.712791,0,1,1,1,0
20260730_043855_185285_seed42,6,34040,141.833333,polystyrene tube 2,4,-0.162849,4.869170,7.736082,-0.780098,0.259270,-4.026467,0,1,1,1,0
20260730_043855_185285_seed42,6,34048,141.866667,polystyrene tube 2,4,-0.188801,4.877790,7.596340,-0.777154,0.258036,-4.338260,0,1,1,1,0
20260730_043855_185285_seed42,6,34056,141.900000,polystyrene tube 2,4,-0.214652,4.886369,7.446240,-0.774062,0.256755,-4.648052,0,1,1,1,0
