"comparison_group","controller","policy_key","seed","tube_class","episodes","correct","success_rate"
"discrete","DQN","dqn","42","polypropylene centrifuge tube 1","22","13","0.590909090909091"
"discrete","DQN","dqn","42","polypropylene centrifuge tube 2","13","5","0.384615384615385"
"discrete","DQN","dqn","42","polypropylene lysis tube","19","3","0.157894736842105"
"discrete","DQN","dqn","42","universal polypropylene tube","27","27","1"
"discrete","DQN","dqn","42","universal polystyrene tube","19","18","0.947368421052632"
"discrete","DQN","dqn","43","polypropylene centrifuge tube 1","13","9","0.692307692307692"
"discrete","DQN","dqn","43","polypropylene centrifuge tube 2","19","10","0.526315789473684"
"discrete","DQN","dqn","43","polypropylene lysis tube","23","7","0.304347826086957"
"discrete","DQN","dqn","43","universal polypropylene tube","25","24","0.96"
"discrete","DQN","dqn","43","universal polystyrene tube","20","19","0.95"
"discrete","DQN","dqn","44","polypropylene centrifuge tube 1","21","14","0.666666666666667"
"discrete","DQN","dqn","44","polypropylene centrifuge tube 2","23","11","0.478260869565217"
"discrete","DQN","dqn","44","polypropylene lysis tube","18","7","0.388888888888889"
"discrete","DQN","dqn","44","universal polypropylene tube","23","23","1"
"discrete","DQN","dqn","44","universal polystyrene tube","15","14","0.933333333333333"
"discrete","DQN","dqn","45","polypropylene centrifuge tube 1","18","10","0.555555555555556"
"discrete","DQN","dqn","45","polypropylene centrifuge tube 2","22","11","0.5"
"discrete","DQN","dqn","45","polypropylene lysis tube","22","4","0.181818181818182"
"discrete","DQN","dqn","45","universal polypropylene tube","24","22","0.916666666666667"
"discrete","DQN","dqn","45","universal polystyrene tube","14","12","0.857142857142857"
"discrete","DQN","dqn","46","polypropylene centrifuge tube 1","18","14","0.777777777777778"
"discrete","DQN","dqn","46","polypropylene centrifuge tube 2","16","11","0.6875"
"discrete","DQN","dqn","46","polypropylene lysis tube","13","6","0.461538461538462"
"discrete","DQN","dqn","46","universal polypropylene tube","27","26","0.962962962962963"
"discrete","DQN","dqn","46","universal polystyrene tube","26","26","1"
"reference","Fixed rule","fixed_rule","42","polypropylene centrifuge tube 1","22","5","0.227272727272727"
"reference","Fixed rule","fixed_rule","42","polypropylene centrifuge tube 2","13","4","0.307692307692308"
"reference","Fixed rule","fixed_rule","42","polypropylene lysis tube","19","3","0.157894736842105"
"reference","Fixed rule","fixed_rule","42","universal polypropylene tube","27","23","0.851851851851852"
"reference","Fixed rule","fixed_rule","42","universal polystyrene tube","19","18","0.947368421052632"
"reference","Fixed rule","fixed_rule","43","polypropylene centrifuge tube 1","13","5","0.384615384615385"
"reference","Fixed rule","fixed_rule","43","polypropylene centrifuge tube 2","19","8","0.421052631578947"
"reference","Fixed rule","fixed_rule","43","polypropylene lysis tube","23","6","0.260869565217391"
"reference","Fixed rule","fixed_rule","43","universal polypropylene tube","25","21","0.84"
"reference","Fixed rule","fixed_rule","43","universal polystyrene tube","20","15","0.75"
"reference","Fixed rule","fixed_rule","44","polypropylene centrifuge tube 1","21","10","0.476190476190476"
"reference","Fixed rule","fixed_rule","44","polypropylene centrifuge tube 2","23","10","0.434782608695652"
"reference","Fixed rule","fixed_rule","44","polypropylene lysis tube","18","5","0.277777777777778"
"reference","Fixed rule","fixed_rule","44","universal polypropylene tube","23","20","0.869565217391304"
"reference","Fixed rule","fixed_rule","44","universal polystyrene tube","15","12","0.8"
"reference","Fixed rule","fixed_rule","45","polypropylene centrifuge tube 1","18","3","0.166666666666667"
"reference","Fixed rule","fixed_rule","45","polypropylene centrifuge tube 2","22","8","0.363636363636364"
"reference","Fixed rule","fixed_rule","45","polypropylene lysis tube","22","3","0.136363636363636"
"reference","Fixed rule","fixed_rule","45","universal polypropylene tube","24","22","0.916666666666667"
"reference","Fixed rule","fixed_rule","45","universal polystyrene tube","14","13","0.928571428571429"
"reference","Fixed rule","fixed_rule","46","polypropylene centrifuge tube 1","18","8","0.444444444444444"
"reference","Fixed rule","fixed_rule","46","polypropylene centrifuge tube 2","16","9","0.5625"
"reference","Fixed rule","fixed_rule","46","polypropylene lysis tube","13","6","0.461538461538462"
"reference","Fixed rule","fixed_rule","46","universal polypropylene tube","27","22","0.814814814814815"
"reference","Fixed rule","fixed_rule","46","universal polystyrene tube","26","25","0.961538461538462"
"continuous","PPO-Continuous","ppo_continuous","42","polypropylene centrifuge tube 1","22","18","0.818181818181818"
"continuous","PPO-Continuous","ppo_continuous","42","polypropylene centrifuge tube 2","13","9","0.692307692307692"
"continuous","PPO-Continuous","ppo_continuous","42","polypropylene lysis tube","19","14","0.736842105263158"
"continuous","PPO-Continuous","ppo_continuous","42","universal polypropylene tube","27","16","0.592592592592593"
"continuous","PPO-Continuous","ppo_continuous","42","universal polystyrene tube","19","17","0.894736842105263"
"continuous","PPO-Continuous","ppo_continuous","43","polypropylene centrifuge tube 1","13","10","0.769230769230769"
"continuous","PPO-Continuous","ppo_continuous","43","polypropylene centrifuge tube 2","19","11","0.578947368421053"
"continuous","PPO-Continuous","ppo_continuous","43","polypropylene lysis tube","23","18","0.782608695652174"
"continuous","PPO-Continuous","ppo_continuous","43","universal polypropylene tube","25","15","0.6"
"continuous","PPO-Continuous","ppo_continuous","43","universal polystyrene tube","20","17","0.85"
"continuous","PPO-Continuous","ppo_continuous","44","polypropylene centrifuge tube 1","21","16","0.761904761904762"
"continuous","PPO-Continuous","ppo_continuous","44","polypropylene centrifuge tube 2","23","11","0.478260869565217"
"continuous","PPO-Continuous","ppo_continuous","44","polypropylene lysis tube","18","17","0.944444444444444"
"continuous","PPO-Continuous","ppo_continuous","44","universal polypropylene tube","23","12","0.521739130434783"
"continuous","PPO-Continuous","ppo_continuous","44","universal polystyrene tube","15","11","0.733333333333333"
"continuous","PPO-Continuous","ppo_continuous","45","polypropylene centrifuge tube 1","18","12","0.666666666666667"
"continuous","PPO-Continuous","ppo_continuous","45","polypropylene centrifuge tube 2","22","17","0.772727272727273"
"continuous","PPO-Continuous","ppo_continuous","45","polypropylene lysis tube","22","19","0.863636363636364"
"continuous","PPO-Continuous","ppo_continuous","45","universal polypropylene tube","24","13","0.541666666666667"
"continuous","PPO-Continuous","ppo_continuous","45","universal polystyrene tube","14","12","0.857142857142857"
"continuous","PPO-Continuous","ppo_continuous","46","polypropylene centrifuge tube 1","18","13","0.722222222222222"
"continuous","PPO-Continuous","ppo_continuous","46","polypropylene centrifuge tube 2","16","10","0.625"
"continuous","PPO-Continuous","ppo_continuous","46","polypropylene lysis tube","13","10","0.769230769230769"
"continuous","PPO-Continuous","ppo_continuous","46","universal polypropylene tube","27","16","0.592592592592593"
"continuous","PPO-Continuous","ppo_continuous","46","universal polystyrene tube","26","24","0.923076923076923"
"discrete","PPO-Discrete","ppo_discrete","42","polypropylene centrifuge tube 1","22","22","1"
"discrete","PPO-Discrete","ppo_discrete","42","polypropylene centrifuge tube 2","13","12","0.923076923076923"
"discrete","PPO-Discrete","ppo_discrete","42","polypropylene lysis tube","19","18","0.947368421052632"
"discrete","PPO-Discrete","ppo_discrete","42","universal polypropylene tube","27","27","1"
"discrete","PPO-Discrete","ppo_discrete","42","universal polystyrene tube","19","19","1"
"discrete","PPO-Discrete","ppo_discrete","43","polypropylene centrifuge tube 1","13","12","0.923076923076923"
"discrete","PPO-Discrete","ppo_discrete","43","polypropylene centrifuge tube 2","19","19","1"
"discrete","PPO-Discrete","ppo_discrete","43","polypropylene lysis tube","23","23","1"
"discrete","PPO-Discrete","ppo_discrete","43","universal polypropylene tube","25","24","0.96"
"discrete","PPO-Discrete","ppo_discrete","43","universal polystyrene tube","20","20","1"
"discrete","PPO-Discrete","ppo_discrete","44","polypropylene centrifuge tube 1","21","20","0.952380952380952"
"discrete","PPO-Discrete","ppo_discrete","44","polypropylene centrifuge tube 2","23","23","1"
"discrete","PPO-Discrete","ppo_discrete","44","polypropylene lysis tube","18","18","1"
"discrete","PPO-Discrete","ppo_discrete","44","universal polypropylene tube","23","23","1"
"discrete","PPO-Discrete","ppo_discrete","44","universal polystyrene tube","15","15","1"
"discrete","PPO-Discrete","ppo_discrete","45","polypropylene centrifuge tube 1","18","16","0.888888888888889"
"discrete","PPO-Discrete","ppo_discrete","45","polypropylene centrifuge tube 2","22","22","1"
"discrete","PPO-Discrete","ppo_discrete","45","polypropylene lysis tube","22","21","0.954545454545455"
"discrete","PPO-Discrete","ppo_discrete","45","universal polypropylene tube","24","22","0.916666666666667"
"discrete","PPO-Discrete","ppo_discrete","45","universal polystyrene tube","14","14","1"
"discrete","PPO-Discrete","ppo_discrete","46","polypropylene centrifuge tube 1","18","17","0.944444444444444"
"discrete","PPO-Discrete","ppo_discrete","46","polypropylene centrifuge tube 2","16","16","1"
"discrete","PPO-Discrete","ppo_discrete","46","polypropylene lysis tube","13","12","0.923076923076923"
"discrete","PPO-Discrete","ppo_discrete","46","universal polypropylene tube","27","26","0.962962962962963"
"discrete","PPO-Discrete","ppo_discrete","46","universal polystyrene tube","26","26","1"
"continuous","SAC","sac","42","polypropylene centrifuge tube 1","22","22","1"
"continuous","SAC","sac","42","polypropylene centrifuge tube 2","13","13","1"
"continuous","SAC","sac","42","polypropylene lysis tube","19","19","1"
"continuous","SAC","sac","42","universal polypropylene tube","27","27","1"
"continuous","SAC","sac","42","universal polystyrene tube","19","19","1"
"continuous","SAC","sac","43","polypropylene centrifuge tube 1","13","13","1"
"continuous","SAC","sac","43","polypropylene centrifuge tube 2","19","19","1"
"continuous","SAC","sac","43","polypropylene lysis tube","23","23","1"
"continuous","SAC","sac","43","universal polypropylene tube","25","24","0.96"
"continuous","SAC","sac","43","universal polystyrene tube","20","20","1"
"continuous","SAC","sac","44","polypropylene centrifuge tube 1","21","21","1"
"continuous","SAC","sac","44","polypropylene centrifuge tube 2","23","23","1"
"continuous","SAC","sac","44","polypropylene lysis tube","18","18","1"
"continuous","SAC","sac","44","universal polypropylene tube","23","23","1"
"continuous","SAC","sac","44","universal polystyrene tube","15","15","1"
"continuous","SAC","sac","45","polypropylene centrifuge tube 1","18","18","1"
"continuous","SAC","sac","45","polypropylene centrifuge tube 2","22","22","1"
"continuous","SAC","sac","45","polypropylene lysis tube","22","22","1"
"continuous","SAC","sac","45","universal polypropylene tube","24","22","0.916666666666667"
"continuous","SAC","sac","45","universal polystyrene tube","14","14","1"
"continuous","SAC","sac","46","polypropylene centrifuge tube 1","18","18","1"
"continuous","SAC","sac","46","polypropylene centrifuge tube 2","16","16","1"
"continuous","SAC","sac","46","polypropylene lysis tube","13","13","1"
"continuous","SAC","sac","46","universal polypropylene tube","27","26","0.962962962962963"
"continuous","SAC","sac","46","universal polystyrene tube","26","26","1"
