image,split,spawned_tubes,visible_labels,visible_pixels
images/test/tube_000000.jpg,test,3,3,2086
images/test/tube_000001.jpg,test,2,2,1459
images/val/tube_000002.jpg,val,1,1,891
images/test/tube_000003.jpg,test,3,3,2407
images/train/tube_000004.jpg,train,3,3,2749
images/train/tube_000005.jpg,train,1,1,813
images/val/tube_000006.jpg,val,2,2,1531
images/train/tube_000007.jpg,train,4,4,3175
images/train/tube_000008.jpg,train,0,0,0
images/val/tube_000009.jpg,val,2,2,1599
images/train/tube_000010.jpg,train,1,1,904
images/test/tube_000011.jpg,test,3,3,2033
images/train/tube_000012.jpg,train,2,2,1814
images/test/tube_000013.jpg,test,0,0,0
images/train/tube_000014.jpg,train,2,2,1789
images/train/tube_000015.jpg,train,3,3,2381
images/train/tube_000016.jpg,train,2,2,1294
images/train/tube_000017.jpg,train,4,4,3739
images/train/tube_000018.jpg,train,2,2,1566
images/train/tube_000019.jpg,train,3,3,2317
images/val/tube_000020.jpg,val,0,0,0
images/train/tube_000021.jpg,train,0,0,0
images/train/tube_000022.jpg,train,1,1,1017
images/train/tube_000023.jpg,train,1,1,937
images/val/tube_000024.jpg,val,4,4,2956
images/train/tube_000025.jpg,train,4,4,3393
images/val/tube_000026.jpg,val,4,4,2940
images/train/tube_000027.jpg,train,3,3,2418
images/test/tube_000028.jpg,test,1,1,844
images/train/tube_000029.jpg,train,0,0,0
images/train/tube_000030.jpg,train,4,4,3090
images/train/tube_000031.jpg,train,2,2,1415
images/train/tube_000032.jpg,train,4,4,3238
images/train/tube_000033.jpg,train,2,2,1498
images/val/tube_000034.jpg,val,2,2,1743
images/test/tube_000035.jpg,test,4,4,3025
images/train/tube_000036.jpg,train,4,4,3265
images/test/tube_000037.jpg,test,4,4,3487
images/train/tube_000038.jpg,train,4,4,3431
images/train/tube_000039.jpg,train,3,3,2242
images/train/tube_000040.jpg,train,1,1,950
images/test/tube_000041.jpg,test,3,3,2215
images/val/tube_000042.jpg,val,1,1,960
images/test/tube_000043.jpg,test,3,3,2281
images/train/tube_000044.jpg,train,2,2,1755
images/train/tube_000045.jpg,train,1,1,883
images/val/tube_000046.jpg,val,0,0,0
images/train/tube_000047.jpg,train,2,2,2018
images/train/tube_000048.jpg,train,0,0,0
images/train/tube_000049.jpg,train,3,3,2529
images/train/tube_000050.jpg,train,1,1,954
images/train/tube_000051.jpg,train,0,0,0
images/test/tube_000052.jpg,test,3,3,2347
images/train/tube_000053.jpg,train,3,3,2579
images/train/tube_000054.jpg,train,1,1,797
images/train/tube_000055.jpg,train,0,0,0
images/train/tube_000056.jpg,train,2,2,1244
images/train/tube_000057.jpg,train,4,4,2909
images/test/tube_000058.jpg,test,1,1,907
images/train/tube_000059.jpg,train,1,1,727
images/train/tube_000060.jpg,train,2,2,1737
images/train/tube_000061.jpg,train,2,2,1458
images/train/tube_000062.jpg,train,1,1,947
images/train/tube_000063.jpg,train,3,3,2495
images/train/tube_000064.jpg,train,2,2,1703
images/val/tube_000065.jpg,val,1,1,763
images/train/tube_000066.jpg,train,1,1,671
images/test/tube_000067.jpg,test,2,2,1858
images/train/tube_000068.jpg,train,4,4,3365
images/train/tube_000069.jpg,train,4,4,3249
images/train/tube_000070.jpg,train,1,1,815
images/train/tube_000071.jpg,train,4,4,3158
images/train/tube_000072.jpg,train,2,2,1930
images/val/tube_000073.jpg,val,3,3,2488
images/train/tube_000074.jpg,train,3,3,2212
images/train/tube_000075.jpg,train,2,2,1817
images/train/tube_000076.jpg,train,3,3,1939
images/train/tube_000077.jpg,train,3,3,2626
images/train/tube_000078.jpg,train,3,3,2259
images/train/tube_000079.jpg,train,1,1,714
images/train/tube_000080.jpg,train,1,1,762
images/train/tube_000081.jpg,train,1,1,569
images/train/tube_000082.jpg,train,4,4,3760
images/train/tube_000083.jpg,train,3,3,2972
images/train/tube_000084.jpg,train,3,3,2451
images/train/tube_000085.jpg,train,1,1,870
images/val/tube_000086.jpg,val,4,4,3360
images/val/tube_000087.jpg,val,3,3,2342
images/train/tube_000088.jpg,train,3,3,2675
images/train/tube_000089.jpg,train,2,2,1618
images/test/tube_000090.jpg,test,1,1,910
images/train/tube_000091.jpg,train,1,1,590
images/train/tube_000092.jpg,train,3,3,2380
images/test/tube_000093.jpg,test,2,2,1638
images/train/tube_000094.jpg,train,1,1,835
images/train/tube_000095.jpg,train,4,4,3409
images/train/tube_000096.jpg,train,4,4,3103
images/train/tube_000097.jpg,train,3,3,2789
images/train/tube_000098.jpg,train,1,1,937
images/val/tube_000099.jpg,val,0,0,0
images/val/tube_000100.jpg,val,2,2,1767
images/train/tube_000101.jpg,train,1,1,609
images/train/tube_000102.jpg,train,4,4,3111
images/train/tube_000103.jpg,train,2,2,1503
images/test/tube_000104.jpg,test,3,3,2350
images/train/tube_000105.jpg,train,3,3,2857
images/val/tube_000106.jpg,val,3,3,2151
images/train/tube_000107.jpg,train,2,2,1791
images/train/tube_000108.jpg,train,4,4,3751
images/train/tube_000109.jpg,train,3,3,2523
images/test/tube_000110.jpg,test,2,2,1460
images/train/tube_000111.jpg,train,1,1,607
images/test/tube_000112.jpg,test,3,3,2733
images/train/tube_000113.jpg,train,2,2,1643
images/val/tube_000114.jpg,val,2,2,1803
images/train/tube_000115.jpg,train,4,4,3515
images/train/tube_000116.jpg,train,4,4,3380
images/train/tube_000117.jpg,train,4,4,3445
images/val/tube_000118.jpg,val,1,1,870
images/train/tube_000119.jpg,train,0,0,0
images/train/tube_000120.jpg,train,4,4,3781
images/val/tube_000121.jpg,val,1,1,691
images/train/tube_000122.jpg,train,3,3,2457
images/train/tube_000123.jpg,train,2,2,1913
images/train/tube_000124.jpg,train,1,1,904
images/train/tube_000125.jpg,train,1,1,1008
images/train/tube_000126.jpg,train,2,2,1483
images/val/tube_000127.jpg,val,4,4,3026
images/val/tube_000128.jpg,val,2,2,1817
images/train/tube_000129.jpg,train,2,2,1460
images/val/tube_000130.jpg,val,3,3,2812
images/train/tube_000131.jpg,train,2,2,1591
images/train/tube_000132.jpg,train,4,4,3532
images/test/tube_000133.jpg,test,1,1,1003
images/train/tube_000134.jpg,train,2,2,1632
images/train/tube_000135.jpg,train,4,4,3738
images/test/tube_000136.jpg,test,4,4,3275
images/val/tube_000137.jpg,val,4,4,3256
images/test/tube_000138.jpg,test,4,4,3543
images/test/tube_000139.jpg,test,1,1,726
images/train/tube_000140.jpg,train,3,3,2716
images/train/tube_000141.jpg,train,0,0,0
images/train/tube_000142.jpg,train,3,3,2296
images/train/tube_000143.jpg,train,4,4,3246
images/train/tube_000144.jpg,train,4,4,3441
images/train/tube_000145.jpg,train,4,4,3421
images/train/tube_000146.jpg,train,1,1,610
images/val/tube_000147.jpg,val,3,3,2749
images/train/tube_000148.jpg,train,1,1,853
images/val/tube_000149.jpg,val,2,2,1475
images/test/tube_000150.jpg,test,2,2,1735
images/train/tube_000151.jpg,train,3,3,2492
images/val/tube_000152.jpg,val,0,0,0
images/val/tube_000153.jpg,val,2,2,1861
images/val/tube_000154.jpg,val,3,3,2616
images/train/tube_000155.jpg,train,3,3,2900
images/train/tube_000156.jpg,train,3,3,2331
images/train/tube_000157.jpg,train,3,3,2856
images/val/tube_000158.jpg,val,1,1,887
images/val/tube_000159.jpg,val,1,1,706
images/val/tube_000160.jpg,val,4,4,3162
images/train/tube_000161.jpg,train,1,1,689
images/test/tube_000162.jpg,test,2,2,2068
images/train/tube_000163.jpg,train,1,1,907
images/train/tube_000164.jpg,train,1,1,755
images/train/tube_000165.jpg,train,1,1,897
images/val/tube_000166.jpg,val,2,2,1600
images/train/tube_000167.jpg,train,3,3,2559
images/train/tube_000168.jpg,train,3,3,2888
images/train/tube_000169.jpg,train,4,4,3468
images/train/tube_000170.jpg,train,1,1,996
images/train/tube_000171.jpg,train,0,0,0
images/train/tube_000172.jpg,train,4,4,3663
images/train/tube_000173.jpg,train,3,3,2494
images/train/tube_000174.jpg,train,4,4,3471
images/val/tube_000175.jpg,val,2,2,1667
images/train/tube_000176.jpg,train,3,3,2539
images/train/tube_000177.jpg,train,0,0,0
images/train/tube_000178.jpg,train,2,2,1788
images/val/tube_000179.jpg,val,2,2,1319
images/train/tube_000180.jpg,train,1,1,933
images/train/tube_000181.jpg,train,4,4,2750
images/train/tube_000182.jpg,train,4,4,3364
images/train/tube_000183.jpg,train,3,3,2313
images/train/tube_000184.jpg,train,1,1,755
images/train/tube_000185.jpg,train,2,2,1848
images/test/tube_000186.jpg,test,4,4,3332
images/train/tube_000187.jpg,train,4,4,3295
images/train/tube_000188.jpg,train,1,1,844
images/train/tube_000189.jpg,train,2,2,1492
images/train/tube_000190.jpg,train,2,2,1676
images/train/tube_000191.jpg,train,3,3,2635
images/train/tube_000192.jpg,train,3,3,2300
images/train/tube_000193.jpg,train,2,2,1757
images/train/tube_000194.jpg,train,2,2,1844
images/train/tube_000195.jpg,train,3,3,2612
images/val/tube_000196.jpg,val,1,1,663
images/train/tube_000197.jpg,train,4,4,3231
images/test/tube_000198.jpg,test,2,2,1830
images/train/tube_000199.jpg,train,4,4,3411
images/test/tube_000200.jpg,test,3,3,2539
images/train/tube_000201.jpg,train,1,1,583
images/train/tube_000202.jpg,train,2,2,1884
images/train/tube_000203.jpg,train,2,2,1556
images/train/tube_000204.jpg,train,2,2,1782
images/train/tube_000205.jpg,train,4,4,3427
images/train/tube_000206.jpg,train,4,4,3590
images/train/tube_000207.jpg,train,3,3,2827
images/train/tube_000208.jpg,train,2,2,1649
images/train/tube_000209.jpg,train,2,2,1606
images/train/tube_000210.jpg,train,2,2,1896
images/train/tube_000211.jpg,train,1,1,658
images/train/tube_000212.jpg,train,3,3,2752
images/train/tube_000213.jpg,train,4,4,3600
images/val/tube_000214.jpg,val,3,3,2412
images/train/tube_000215.jpg,train,4,4,3097
images/val/tube_000216.jpg,val,2,2,1458
images/val/tube_000217.jpg,val,4,4,3887
images/train/tube_000218.jpg,train,2,2,1919
images/train/tube_000219.jpg,train,4,4,3431
images/train/tube_000220.jpg,train,3,3,2623
images/test/tube_000221.jpg,test,1,1,691
images/train/tube_000222.jpg,train,3,3,2336
images/train/tube_000223.jpg,train,2,2,1544
images/train/tube_000224.jpg,train,2,2,1714
images/train/tube_000225.jpg,train,4,4,2961
images/train/tube_000226.jpg,train,2,2,1548
images/train/tube_000227.jpg,train,1,1,895
images/train/tube_000228.jpg,train,1,1,991
images/train/tube_000229.jpg,train,1,1,677
images/val/tube_000230.jpg,val,3,3,2429
images/train/tube_000231.jpg,train,2,2,1383
images/train/tube_000232.jpg,train,3,3,2660
images/train/tube_000233.jpg,train,3,3,2537
images/train/tube_000234.jpg,train,4,4,3348
images/val/tube_000235.jpg,val,3,3,2556
images/val/tube_000236.jpg,val,3,3,1947
images/train/tube_000237.jpg,train,2,2,1934
images/train/tube_000238.jpg,train,4,4,3245
images/val/tube_000239.jpg,val,3,3,2225
images/train/tube_000240.jpg,train,1,1,813
images/train/tube_000241.jpg,train,4,4,2951
images/test/tube_000242.jpg,test,4,4,3288
images/train/tube_000243.jpg,train,2,2,1872
images/train/tube_000244.jpg,train,0,0,0
images/train/tube_000245.jpg,train,1,1,882
images/train/tube_000246.jpg,train,2,2,1224
images/train/tube_000247.jpg,train,4,4,3335
images/train/tube_000248.jpg,train,4,4,3608
images/val/tube_000249.jpg,val,1,1,817
images/train/tube_000250.jpg,train,3,3,2505
images/val/tube_000251.jpg,val,2,2,1407
images/train/tube_000252.jpg,train,1,1,1002
images/train/tube_000253.jpg,train,0,0,0
images/train/tube_000254.jpg,train,3,3,2473
images/train/tube_000255.jpg,train,2,2,1889
images/train/tube_000256.jpg,train,1,1,735
images/val/tube_000257.jpg,val,3,3,2570
images/train/tube_000258.jpg,train,2,2,1800
images/train/tube_000259.jpg,train,2,2,1568
images/train/tube_000260.jpg,train,2,2,1463
images/train/tube_000261.jpg,train,2,2,1265
images/test/tube_000262.jpg,test,3,3,2402
images/train/tube_000263.jpg,train,4,4,2981
images/train/tube_000264.jpg,train,4,4,3085
images/train/tube_000265.jpg,train,4,4,3477
images/train/tube_000266.jpg,train,2,2,1483
images/val/tube_000267.jpg,val,0,0,0
images/train/tube_000268.jpg,train,4,4,3128
images/train/tube_000269.jpg,train,2,2,1836
images/train/tube_000270.jpg,train,2,2,1628
images/train/tube_000271.jpg,train,3,3,2297
images/train/tube_000272.jpg,train,0,0,0
images/train/tube_000273.jpg,train,2,2,1547
images/val/tube_000274.jpg,val,1,1,761
images/train/tube_000275.jpg,train,3,3,2477
images/train/tube_000276.jpg,train,1,1,584
images/train/tube_000277.jpg,train,3,3,2506
images/train/tube_000278.jpg,train,3,3,2240
images/val/tube_000279.jpg,val,2,2,1572
images/val/tube_000280.jpg,val,4,4,3293
images/train/tube_000281.jpg,train,2,2,1539
images/train/tube_000282.jpg,train,3,3,2904
images/train/tube_000283.jpg,train,3,3,2894
images/test/tube_000284.jpg,test,3,3,2601
images/train/tube_000285.jpg,train,2,2,1503
images/train/tube_000286.jpg,train,3,3,2407
images/val/tube_000287.jpg,val,1,1,929
images/train/tube_000288.jpg,train,1,1,901
images/train/tube_000289.jpg,train,3,3,2133
images/train/tube_000290.jpg,train,1,1,919
images/train/tube_000291.jpg,train,3,3,2233
images/test/tube_000292.jpg,test,1,1,998
images/test/tube_000293.jpg,test,4,4,3627
images/train/tube_000294.jpg,train,1,1,710
images/train/tube_000295.jpg,train,3,3,2497
images/train/tube_000296.jpg,train,1,1,650
images/train/tube_000297.jpg,train,4,4,3422
images/train/tube_000298.jpg,train,4,4,3721
images/train/tube_000299.jpg,train,1,1,792
images/val/tube_000300.jpg,val,2,2,1869
images/val/tube_000301.jpg,val,2,2,1399
images/train/tube_000302.jpg,train,3,3,2384
images/train/tube_000303.jpg,train,3,3,2573
images/val/tube_000304.jpg,val,2,2,1682
images/train/tube_000305.jpg,train,1,1,855
images/val/tube_000306.jpg,val,2,2,1634
images/train/tube_000307.jpg,train,4,4,3172
images/train/tube_000308.jpg,train,4,4,3518
images/val/tube_000309.jpg,val,4,4,2965
images/train/tube_000310.jpg,train,3,3,2682
images/train/tube_000311.jpg,train,4,4,2923
images/train/tube_000312.jpg,train,3,3,2678
images/val/tube_000313.jpg,val,3,3,2607
images/val/tube_000314.jpg,val,4,4,3347
images/train/tube_000315.jpg,train,3,3,2059
images/train/tube_000316.jpg,train,4,4,3006
images/train/tube_000317.jpg,train,2,2,1745
images/train/tube_000318.jpg,train,1,1,889
images/train/tube_000319.jpg,train,4,4,3262
images/val/tube_000320.jpg,val,0,0,0
images/test/tube_000321.jpg,test,2,2,1538
images/train/tube_000322.jpg,train,4,4,3450
images/train/tube_000323.jpg,train,3,3,2568
images/train/tube_000324.jpg,train,3,3,2202
images/train/tube_000325.jpg,train,3,3,2352
images/train/tube_000326.jpg,train,4,4,3244
images/train/tube_000327.jpg,train,2,2,1928
images/train/tube_000328.jpg,train,3,3,2401
images/train/tube_000329.jpg,train,2,2,1428
images/train/tube_000330.jpg,train,3,3,2607
images/test/tube_000331.jpg,test,4,4,2817
images/val/tube_000332.jpg,val,2,2,1644
images/train/tube_000333.jpg,train,2,2,1991
images/train/tube_000334.jpg,train,4,4,2900
images/train/tube_000335.jpg,train,2,2,1958
images/train/tube_000336.jpg,train,4,4,3004
images/train/tube_000337.jpg,train,1,1,958
images/train/tube_000338.jpg,train,3,3,2486
images/train/tube_000339.jpg,train,0,0,0
images/test/tube_000340.jpg,test,2,2,1893
images/val/tube_000341.jpg,val,3,3,2574
images/train/tube_000342.jpg,train,4,4,3654
images/train/tube_000343.jpg,train,1,1,911
images/train/tube_000344.jpg,train,3,3,2373
images/val/tube_000345.jpg,val,0,0,0
images/val/tube_000346.jpg,val,1,1,546
images/val/tube_000347.jpg,val,1,1,930
images/train/tube_000348.jpg,train,2,2,1485
images/train/tube_000349.jpg,train,1,1,754
images/val/tube_000350.jpg,val,3,3,2507
images/train/tube_000351.jpg,train,4,4,2881
images/train/tube_000352.jpg,train,3,3,2760
images/train/tube_000353.jpg,train,0,0,0
images/train/tube_000354.jpg,train,1,1,807
images/train/tube_000355.jpg,train,3,3,2225
images/train/tube_000356.jpg,train,3,3,2009
images/train/tube_000357.jpg,train,0,0,0
images/val/tube_000358.jpg,val,4,4,3118
images/train/tube_000359.jpg,train,2,2,1476
images/train/tube_000360.jpg,train,3,3,2729
images/train/tube_000361.jpg,train,2,2,1531
images/train/tube_000362.jpg,train,1,1,1109
images/train/tube_000363.jpg,train,2,2,1790
images/train/tube_000364.jpg,train,1,1,702
images/train/tube_000365.jpg,train,1,1,766
images/train/tube_000366.jpg,train,1,1,630
images/train/tube_000367.jpg,train,4,4,3631
images/test/tube_000368.jpg,test,1,1,957
images/train/tube_000369.jpg,train,2,2,1452
images/train/tube_000370.jpg,train,3,3,2171
images/train/tube_000371.jpg,train,4,4,3471
images/train/tube_000372.jpg,train,3,3,2718
images/train/tube_000373.jpg,train,2,2,1627
images/train/tube_000374.jpg,train,3,3,2551
images/train/tube_000375.jpg,train,3,3,2857
images/train/tube_000376.jpg,train,1,1,586
images/train/tube_000377.jpg,train,4,4,3417
images/train/tube_000378.jpg,train,2,2,1763
images/train/tube_000379.jpg,train,1,1,778
images/test/tube_000380.jpg,test,4,4,3257
images/test/tube_000381.jpg,test,4,4,3209
images/val/tube_000382.jpg,val,4,4,3232
images/train/tube_000383.jpg,train,3,3,2204
images/train/tube_000384.jpg,train,4,4,3661
images/train/tube_000385.jpg,train,3,3,2629
images/train/tube_000386.jpg,train,2,2,1593
images/val/tube_000387.jpg,val,0,0,0
images/val/tube_000388.jpg,val,1,1,1009
images/test/tube_000389.jpg,test,4,4,3077
images/val/tube_000390.jpg,val,3,3,2553
images/train/tube_000391.jpg,train,1,1,704
images/train/tube_000392.jpg,train,4,4,3756
images/train/tube_000393.jpg,train,3,3,2703
images/train/tube_000394.jpg,train,1,1,751
images/val/tube_000395.jpg,val,3,3,2813
images/train/tube_000396.jpg,train,1,1,627
images/val/tube_000397.jpg,val,3,3,2532
images/test/tube_000398.jpg,test,3,3,2853
images/train/tube_000399.jpg,train,3,3,2147
images/train/tube_000400.jpg,train,4,4,3529
images/train/tube_000401.jpg,train,2,2,1351
images/train/tube_000402.jpg,train,4,4,3351
images/train/tube_000403.jpg,train,2,2,1811
images/train/tube_000404.jpg,train,1,1,756
images/train/tube_000405.jpg,train,4,4,2842
images/test/tube_000406.jpg,test,1,1,624
images/train/tube_000407.jpg,train,2,2,1834
images/val/tube_000408.jpg,val,4,4,3318
images/train/tube_000409.jpg,train,2,2,1699
images/val/tube_000410.jpg,val,1,1,938
images/train/tube_000411.jpg,train,1,1,682
images/train/tube_000412.jpg,train,4,4,3542
images/train/tube_000413.jpg,train,3,3,2840
images/train/tube_000414.jpg,train,2,2,1635
images/train/tube_000415.jpg,train,4,4,3436
images/val/tube_000416.jpg,val,3,3,1991
images/train/tube_000417.jpg,train,1,1,1026
images/train/tube_000418.jpg,train,4,4,3284
images/train/tube_000419.jpg,train,1,1,708
images/train/tube_000420.jpg,train,3,3,2505
images/test/tube_000421.jpg,test,4,4,3475
images/train/tube_000422.jpg,train,2,2,1771
images/train/tube_000423.jpg,train,2,2,1834
images/train/tube_000424.jpg,train,1,1,773
images/train/tube_000425.jpg,train,2,2,1799
images/test/tube_000426.jpg,test,4,4,2790
images/train/tube_000427.jpg,train,3,3,2676
images/train/tube_000428.jpg,train,2,2,1766
images/train/tube_000429.jpg,train,1,1,822
images/train/tube_000430.jpg,train,2,2,1861
images/train/tube_000431.jpg,train,2,2,1295
images/train/tube_000432.jpg,train,4,4,3554
images/train/tube_000433.jpg,train,3,3,2433
images/train/tube_000434.jpg,train,3,3,2509
images/train/tube_000435.jpg,train,4,4,3016
images/train/tube_000436.jpg,train,3,3,2398
images/test/tube_000437.jpg,test,1,1,1015
images/val/tube_000438.jpg,val,3,3,2569
images/train/tube_000439.jpg,train,1,1,735
images/train/tube_000440.jpg,train,3,3,2320
images/train/tube_000441.jpg,train,1,1,628
images/val/tube_000442.jpg,val,1,1,877
images/train/tube_000443.jpg,train,1,1,866
images/train/tube_000444.jpg,train,4,4,3387
images/train/tube_000445.jpg,train,3,3,2424
images/train/tube_000446.jpg,train,1,1,612
images/train/tube_000447.jpg,train,4,4,3239
images/train/tube_000448.jpg,train,3,3,2523
images/train/tube_000449.jpg,train,2,2,1446
images/train/tube_000450.jpg,train,2,2,1344
images/train/tube_000451.jpg,train,4,4,2882
images/train/tube_000452.jpg,train,2,2,1898
images/train/tube_000453.jpg,train,3,3,2359
images/train/tube_000454.jpg,train,3,3,2472
images/val/tube_000455.jpg,val,4,4,3406
images/train/tube_000456.jpg,train,3,3,2374
images/train/tube_000457.jpg,train,4,4,3523
images/train/tube_000458.jpg,train,3,3,2668
images/train/tube_000459.jpg,train,0,0,0
images/train/tube_000460.jpg,train,1,1,959
images/train/tube_000461.jpg,train,4,4,3370
images/val/tube_000462.jpg,val,1,1,899
images/train/tube_000463.jpg,train,1,1,948
images/train/tube_000464.jpg,train,1,1,740
images/train/tube_000465.jpg,train,4,4,3956
images/val/tube_000466.jpg,val,3,3,2561
images/train/tube_000467.jpg,train,1,1,976
images/train/tube_000468.jpg,train,1,1,826
images/val/tube_000469.jpg,val,2,2,1425
images/test/tube_000470.jpg,test,2,2,1521
images/train/tube_000471.jpg,train,4,4,2973
images/train/tube_000472.jpg,train,1,1,978
images/val/tube_000473.jpg,val,4,4,2991
images/train/tube_000474.jpg,train,4,4,3537
images/test/tube_000475.jpg,test,3,3,2565
images/train/tube_000476.jpg,train,2,2,1648
images/train/tube_000477.jpg,train,2,2,1847
images/train/tube_000478.jpg,train,1,1,933
images/val/tube_000479.jpg,val,4,4,3481
images/train/tube_000480.jpg,train,3,3,2545
images/val/tube_000481.jpg,val,1,1,587
images/train/tube_000482.jpg,train,3,3,2623
images/val/tube_000483.jpg,val,2,2,1702
images/test/tube_000484.jpg,test,1,1,730
images/train/tube_000485.jpg,train,3,3,2702
images/train/tube_000486.jpg,train,1,1,669
images/train/tube_000487.jpg,train,4,4,3420
images/train/tube_000488.jpg,train,3,3,2536
images/val/tube_000489.jpg,val,1,1,768
images/val/tube_000490.jpg,val,4,4,3574
images/train/tube_000491.jpg,train,2,2,1157
images/train/tube_000492.jpg,train,2,2,1922
images/train/tube_000493.jpg,train,4,4,3594
images/val/tube_000494.jpg,val,2,2,1645
images/train/tube_000495.jpg,train,3,3,2033
images/test/tube_000496.jpg,test,4,4,3328
images/train/tube_000497.jpg,train,3,3,2592
images/train/tube_000498.jpg,train,1,1,925
images/train/tube_000499.jpg,train,4,4,3277
images/train/tube_000500.jpg,train,3,3,2325
images/train/tube_000501.jpg,train,3,3,1946
images/train/tube_000502.jpg,train,4,4,3708
images/train/tube_000503.jpg,train,4,4,2960
images/train/tube_000504.jpg,train,1,1,787
images/train/tube_000505.jpg,train,3,3,2533
images/train/tube_000506.jpg,train,4,4,2705
images/test/tube_000507.jpg,test,2,2,1650
images/test/tube_000508.jpg,test,4,4,3219
images/train/tube_000509.jpg,train,1,1,770
images/train/tube_000510.jpg,train,1,1,878
images/train/tube_000511.jpg,train,2,2,1548
images/train/tube_000512.jpg,train,0,0,0
images/train/tube_000513.jpg,train,4,4,3455
images/val/tube_000514.jpg,val,1,1,767
images/train/tube_000515.jpg,train,1,1,823
images/train/tube_000516.jpg,train,2,2,1589
images/train/tube_000517.jpg,train,3,3,2493
images/train/tube_000518.jpg,train,4,4,2953
images/val/tube_000519.jpg,val,4,4,3306
images/train/tube_000520.jpg,train,1,1,915
images/train/tube_000521.jpg,train,4,4,3244
images/train/tube_000522.jpg,train,1,1,929
images/train/tube_000523.jpg,train,4,4,3367
images/train/tube_000524.jpg,train,4,4,3397
images/train/tube_000525.jpg,train,1,1,984
images/train/tube_000526.jpg,train,2,2,1525
images/train/tube_000527.jpg,train,0,0,0
images/train/tube_000528.jpg,train,1,1,971
images/train/tube_000529.jpg,train,1,1,703
images/train/tube_000530.jpg,train,4,4,3424
images/train/tube_000531.jpg,train,1,1,678
images/test/tube_000532.jpg,test,4,4,3552
images/train/tube_000533.jpg,train,2,2,1874
images/val/tube_000534.jpg,val,4,4,3246
images/train/tube_000535.jpg,train,2,2,1782
images/train/tube_000536.jpg,train,3,3,2496
images/test/tube_000537.jpg,test,2,2,1721
images/train/tube_000538.jpg,train,4,4,3270
images/train/tube_000539.jpg,train,4,4,3205
images/val/tube_000540.jpg,val,0,0,0
images/val/tube_000541.jpg,val,2,2,1165
images/train/tube_000542.jpg,train,1,1,964
images/train/tube_000543.jpg,train,4,4,3388
images/train/tube_000544.jpg,train,1,1,778
images/train/tube_000545.jpg,train,1,1,809
images/test/tube_000546.jpg,test,3,3,2010
images/train/tube_000547.jpg,train,4,4,3710
images/train/tube_000548.jpg,train,2,2,1991
images/test/tube_000549.jpg,test,0,0,0
images/train/tube_000550.jpg,train,2,2,1838
images/train/tube_000551.jpg,train,1,1,622
images/train/tube_000552.jpg,train,2,2,1394
images/train/tube_000553.jpg,train,3,3,2680
images/train/tube_000554.jpg,train,1,1,801
images/train/tube_000555.jpg,train,3,3,2701
images/train/tube_000556.jpg,train,3,3,2130
images/test/tube_000557.jpg,test,3,3,2418
images/train/tube_000558.jpg,train,4,4,3248
images/train/tube_000559.jpg,train,4,4,3568
images/train/tube_000560.jpg,train,3,3,2437
images/train/tube_000561.jpg,train,4,4,3319
images/train/tube_000562.jpg,train,4,4,3602
images/train/tube_000563.jpg,train,2,2,2038
images/val/tube_000564.jpg,val,3,3,2123
images/train/tube_000565.jpg,train,2,2,1836
images/train/tube_000566.jpg,train,2,2,1368
images/train/tube_000567.jpg,train,1,1,874
images/train/tube_000568.jpg,train,1,1,938
images/train/tube_000569.jpg,train,1,1,816
images/train/tube_000570.jpg,train,3,3,2788
images/train/tube_000571.jpg,train,4,4,3092
images/test/tube_000572.jpg,test,3,3,2765
images/test/tube_000573.jpg,test,0,0,0
images/train/tube_000574.jpg,train,2,2,1558
images/val/tube_000575.jpg,val,4,4,3411
images/train/tube_000576.jpg,train,1,1,593
images/val/tube_000577.jpg,val,3,3,2615
images/test/tube_000578.jpg,test,4,4,3041
images/train/tube_000579.jpg,train,4,4,3226
images/train/tube_000580.jpg,train,1,1,948
images/train/tube_000581.jpg,train,2,2,1376
images/train/tube_000582.jpg,train,2,2,1932
images/test/tube_000583.jpg,test,1,1,873
images/test/tube_000584.jpg,test,2,2,1460
images/train/tube_000585.jpg,train,1,1,930
images/test/tube_000586.jpg,test,1,1,660
images/train/tube_000587.jpg,train,3,3,2353
images/val/tube_000588.jpg,val,4,4,3413
images/train/tube_000589.jpg,train,3,3,2364
images/val/tube_000590.jpg,val,2,2,1789
images/train/tube_000591.jpg,train,1,1,586
images/val/tube_000592.jpg,val,3,3,2473
images/train/tube_000593.jpg,train,0,0,0
images/train/tube_000594.jpg,train,4,4,3260
images/val/tube_000595.jpg,val,2,2,1751
images/val/tube_000596.jpg,val,2,2,1314
images/train/tube_000597.jpg,train,2,2,1629
images/train/tube_000598.jpg,train,4,4,3827
images/test/tube_000599.jpg,test,2,2,1457
images/train/tube_000600.jpg,train,2,2,1930
images/train/tube_000601.jpg,train,1,1,587
images/train/tube_000602.jpg,train,1,1,853
images/train/tube_000603.jpg,train,1,1,1017
images/train/tube_000604.jpg,train,1,1,740
images/train/tube_000605.jpg,train,4,4,3294
images/val/tube_000606.jpg,val,3,3,1991
images/train/tube_000607.jpg,train,2,2,1453
images/val/tube_000608.jpg,val,2,2,1487
images/train/tube_000609.jpg,train,4,4,2993
images/train/tube_000610.jpg,train,4,4,3466
images/train/tube_000611.jpg,train,1,1,658
images/val/tube_000612.jpg,val,4,4,3577
images/train/tube_000613.jpg,train,4,4,3193
images/train/tube_000614.jpg,train,2,2,1568
images/train/tube_000615.jpg,train,4,4,3371
images/train/tube_000616.jpg,train,2,2,1266
images/train/tube_000617.jpg,train,1,1,1024
images/train/tube_000618.jpg,train,2,2,1527
images/val/tube_000619.jpg,val,3,3,2668
images/train/tube_000620.jpg,train,1,1,884
images/train/tube_000621.jpg,train,3,3,2096
images/test/tube_000622.jpg,test,4,4,3143
images/train/tube_000623.jpg,train,3,3,2726
images/train/tube_000624.jpg,train,1,1,809
images/train/tube_000625.jpg,train,2,2,1784
images/train/tube_000626.jpg,train,1,1,637
images/train/tube_000627.jpg,train,1,1,858
images/val/tube_000628.jpg,val,3,3,2632
images/test/tube_000629.jpg,test,2,2,1669
images/val/tube_000630.jpg,val,1,1,886
images/train/tube_000631.jpg,train,3,3,2162
images/train/tube_000632.jpg,train,1,1,1020
images/train/tube_000633.jpg,train,3,3,2829
images/train/tube_000634.jpg,train,2,2,1721
images/train/tube_000635.jpg,train,3,3,2350
images/train/tube_000636.jpg,train,1,1,645
images/train/tube_000637.jpg,train,1,1,870
images/train/tube_000638.jpg,train,2,2,1508
images/train/tube_000639.jpg,train,2,2,1499
images/train/tube_000640.jpg,train,4,4,3663
images/train/tube_000641.jpg,train,4,4,3311
images/val/tube_000642.jpg,val,2,2,1560
images/val/tube_000643.jpg,val,3,3,2564
images/train/tube_000644.jpg,train,1,1,716
images/train/tube_000645.jpg,train,1,1,830
images/train/tube_000646.jpg,train,4,4,3272
images/train/tube_000647.jpg,train,4,4,3501
images/train/tube_000648.jpg,train,1,1,881
images/val/tube_000649.jpg,val,4,4,3468
images/train/tube_000650.jpg,train,2,2,1845
images/test/tube_000651.jpg,test,3,3,2625
images/train/tube_000652.jpg,train,0,0,0
images/train/tube_000653.jpg,train,4,4,3391
images/train/tube_000654.jpg,train,1,1,696
images/train/tube_000655.jpg,train,3,3,2529
images/train/tube_000656.jpg,train,3,3,2127
images/val/tube_000657.jpg,val,2,2,1871
images/test/tube_000658.jpg,test,2,2,1654
images/train/tube_000659.jpg,train,1,1,727
images/test/tube_000660.jpg,test,1,1,854
images/test/tube_000661.jpg,test,0,0,0
images/train/tube_000662.jpg,train,0,0,0
images/train/tube_000663.jpg,train,2,2,1651
images/train/tube_000664.jpg,train,4,4,2967
images/val/tube_000665.jpg,val,0,0,0
images/train/tube_000666.jpg,train,3,3,2148
images/train/tube_000667.jpg,train,2,2,1644
images/train/tube_000668.jpg,train,0,0,0
images/val/tube_000669.jpg,val,1,1,802
images/train/tube_000670.jpg,train,1,1,927
images/train/tube_000671.jpg,train,3,3,2181
images/train/tube_000672.jpg,train,3,3,2466
images/train/tube_000673.jpg,train,3,3,2917
images/train/tube_000674.jpg,train,3,3,2591
images/train/tube_000675.jpg,train,4,4,3416
images/val/tube_000676.jpg,val,4,4,2796
images/train/tube_000677.jpg,train,3,3,2546
images/val/tube_000678.jpg,val,4,4,3030
images/train/tube_000679.jpg,train,4,4,3085
images/train/tube_000680.jpg,train,3,3,2458
images/train/tube_000681.jpg,train,3,3,2153
images/val/tube_000682.jpg,val,2,2,1712
images/train/tube_000683.jpg,train,2,2,1653
images/train/tube_000684.jpg,train,3,3,2301
images/train/tube_000685.jpg,train,3,3,2687
images/train/tube_000686.jpg,train,0,0,0
images/train/tube_000687.jpg,train,4,4,3410
images/train/tube_000688.jpg,train,1,1,964
images/train/tube_000689.jpg,train,1,1,766
images/train/tube_000690.jpg,train,2,2,1414
images/train/tube_000691.jpg,train,2,2,1535
images/test/tube_000692.jpg,test,4,4,3451
images/train/tube_000693.jpg,train,4,4,3181
images/train/tube_000694.jpg,train,4,4,3564
images/val/tube_000695.jpg,val,3,3,2667
images/train/tube_000696.jpg,train,2,2,1347
images/train/tube_000697.jpg,train,1,1,1025
images/val/tube_000698.jpg,val,1,1,937
images/train/tube_000699.jpg,train,4,4,3658
images/test/tube_000700.jpg,test,3,3,2669
images/train/tube_000701.jpg,train,4,4,3080
images/val/tube_000702.jpg,val,4,4,3501
images/train/tube_000703.jpg,train,2,2,1612
images/test/tube_000704.jpg,test,2,2,1758
images/train/tube_000705.jpg,train,3,3,2495
images/train/tube_000706.jpg,train,4,4,3093
images/train/tube_000707.jpg,train,1,1,949
images/train/tube_000708.jpg,train,1,1,913
images/train/tube_000709.jpg,train,3,3,2549
images/train/tube_000710.jpg,train,1,1,951
images/train/tube_000711.jpg,train,1,1,517
images/test/tube_000712.jpg,test,1,1,905
images/train/tube_000713.jpg,train,3,3,2694
images/train/tube_000714.jpg,train,2,2,1754
images/train/tube_000715.jpg,train,3,3,2624
images/train/tube_000716.jpg,train,1,1,658
images/val/tube_000717.jpg,val,4,4,3455
images/train/tube_000718.jpg,train,1,1,997
images/train/tube_000719.jpg,train,3,3,2715
images/train/tube_000720.jpg,train,4,4,3099
images/train/tube_000721.jpg,train,1,1,663
images/val/tube_000722.jpg,val,3,3,2857
images/train/tube_000723.jpg,train,1,1,904
images/train/tube_000724.jpg,train,2,2,1497
images/train/tube_000725.jpg,train,2,2,1944
images/train/tube_000726.jpg,train,2,2,1446
images/train/tube_000727.jpg,train,4,4,3705
images/test/tube_000728.jpg,test,4,4,3424
images/train/tube_000729.jpg,train,2,2,1637
images/train/tube_000730.jpg,train,3,3,2657
images/train/tube_000731.jpg,train,2,2,1491
images/train/tube_000732.jpg,train,4,4,2923
images/val/tube_000733.jpg,val,4,4,3823
images/train/tube_000734.jpg,train,1,1,732
images/train/tube_000735.jpg,train,4,4,3546
images/train/tube_000736.jpg,train,4,4,2636
images/val/tube_000737.jpg,val,2,2,1782
images/train/tube_000738.jpg,train,4,4,3432
images/train/tube_000739.jpg,train,4,4,3594
images/test/tube_000740.jpg,test,4,4,2983
images/test/tube_000741.jpg,test,2,2,1378
images/train/tube_000742.jpg,train,2,2,1939
images/test/tube_000743.jpg,test,2,2,1823
images/train/tube_000744.jpg,train,3,3,2321
images/train/tube_000745.jpg,train,0,0,0
images/train/tube_000746.jpg,train,1,1,593
images/train/tube_000747.jpg,train,4,4,3209
images/train/tube_000748.jpg,train,1,1,940
images/val/tube_000749.jpg,val,4,4,3461
images/train/tube_000750.jpg,train,2,2,1526
images/test/tube_000751.jpg,test,4,4,3241
images/train/tube_000752.jpg,train,3,3,2390
images/train/tube_000753.jpg,train,4,4,3561
images/train/tube_000754.jpg,train,1,1,738
images/val/tube_000755.jpg,val,4,4,3521
images/train/tube_000756.jpg,train,4,4,3355
images/train/tube_000757.jpg,train,3,3,2269
images/test/tube_000758.jpg,test,2,2,1987
images/train/tube_000759.jpg,train,4,4,3067
images/train/tube_000760.jpg,train,1,1,930
images/train/tube_000761.jpg,train,4,4,2906
images/train/tube_000762.jpg,train,2,2,1949
images/val/tube_000763.jpg,val,1,1,1056
images/train/tube_000764.jpg,train,1,1,843
images/train/tube_000765.jpg,train,2,2,1476
images/train/tube_000766.jpg,train,3,3,2120
images/train/tube_000767.jpg,train,2,2,1601
images/val/tube_000768.jpg,val,3,3,2742
images/train/tube_000769.jpg,train,2,2,1781
images/train/tube_000770.jpg,train,1,1,972
images/train/tube_000771.jpg,train,1,1,713
images/train/tube_000772.jpg,train,1,1,1014
images/train/tube_000773.jpg,train,1,1,875
images/train/tube_000774.jpg,train,2,2,1699
images/train/tube_000775.jpg,train,2,2,1746
images/train/tube_000776.jpg,train,1,1,627
images/train/tube_000777.jpg,train,2,2,1984
images/train/tube_000778.jpg,train,3,3,2869
images/train/tube_000779.jpg,train,1,1,774
images/train/tube_000780.jpg,train,4,4,3447
images/train/tube_000781.jpg,train,2,2,1302
images/train/tube_000782.jpg,train,2,2,1962
images/train/tube_000783.jpg,train,4,4,3136
images/train/tube_000784.jpg,train,4,4,3474
images/train/tube_000785.jpg,train,1,1,916
images/train/tube_000786.jpg,train,3,3,2187
images/train/tube_000787.jpg,train,4,4,3047
images/test/tube_000788.jpg,test,2,2,1809
images/train/tube_000789.jpg,train,4,4,3244
images/train/tube_000790.jpg,train,4,4,3279
images/train/tube_000791.jpg,train,2,2,1556
images/val/tube_000792.jpg,val,3,3,2974
images/train/tube_000793.jpg,train,1,1,885
images/train/tube_000794.jpg,train,1,1,763
images/test/tube_000795.jpg,test,2,2,1726
images/train/tube_000796.jpg,train,4,4,2966
images/val/tube_000797.jpg,val,3,3,2147
images/train/tube_000798.jpg,train,1,1,963
images/train/tube_000799.jpg,train,3,3,2411
images/train/tube_000800.jpg,train,2,2,1749
images/train/tube_000801.jpg,train,4,4,3013
images/train/tube_000802.jpg,train,3,3,2952
images/train/tube_000803.jpg,train,2,2,1796
images/train/tube_000804.jpg,train,4,4,3069
images/val/tube_000805.jpg,val,3,3,2132
images/val/tube_000806.jpg,val,0,0,0
images/val/tube_000807.jpg,val,3,3,2761
images/train/tube_000808.jpg,train,2,2,1478
images/train/tube_000809.jpg,train,3,3,2179
images/train/tube_000810.jpg,train,0,0,0
images/train/tube_000811.jpg,train,1,1,564
images/train/tube_000812.jpg,train,4,4,3388
images/train/tube_000813.jpg,train,3,3,2691
images/train/tube_000814.jpg,train,1,1,686
images/train/tube_000815.jpg,train,1,1,909
images/train/tube_000816.jpg,train,1,1,535
images/train/tube_000817.jpg,train,2,2,1756
images/train/tube_000818.jpg,train,1,1,882
images/train/tube_000819.jpg,train,1,1,817
images/train/tube_000820.jpg,train,4,4,3703
images/train/tube_000821.jpg,train,3,3,2219
images/train/tube_000822.jpg,train,1,1,983
images/train/tube_000823.jpg,train,3,3,2436
images/train/tube_000824.jpg,train,2,2,1638
images/val/tube_000825.jpg,val,3,3,2812
images/val/tube_000826.jpg,val,4,4,2822
images/val/tube_000827.jpg,val,2,2,1811
images/train/tube_000828.jpg,train,3,3,2352
images/train/tube_000829.jpg,train,1,1,897
images/train/tube_000830.jpg,train,3,3,2785
images/train/tube_000831.jpg,train,0,0,0
images/test/tube_000832.jpg,test,4,4,3232
images/train/tube_000833.jpg,train,0,0,0
images/train/tube_000834.jpg,train,4,4,3524
images/train/tube_000835.jpg,train,3,3,2534
images/train/tube_000836.jpg,train,3,3,2680
images/train/tube_000837.jpg,train,3,3,2648
images/train/tube_000838.jpg,train,3,3,2551
images/train/tube_000839.jpg,train,2,2,1605
images/test/tube_000840.jpg,test,4,4,3335
images/train/tube_000841.jpg,train,2,2,1604
images/train/tube_000842.jpg,train,3,3,2646
images/train/tube_000843.jpg,train,1,1,946
images/train/tube_000844.jpg,train,2,2,1526
images/train/tube_000845.jpg,train,2,2,1816
images/train/tube_000846.jpg,train,2,2,1468
images/train/tube_000847.jpg,train,3,3,2716
images/val/tube_000848.jpg,val,2,2,1628
images/val/tube_000849.jpg,val,4,4,3398
images/train/tube_000850.jpg,train,3,3,2953
images/train/tube_000851.jpg,train,0,0,0
images/train/tube_000852.jpg,train,1,1,1055
images/train/tube_000853.jpg,train,1,1,879
images/train/tube_000854.jpg,train,0,0,0
images/train/tube_000855.jpg,train,1,1,837
images/val/tube_000856.jpg,val,3,3,2367
images/train/tube_000857.jpg,train,4,4,3411
images/train/tube_000858.jpg,train,0,0,0
images/train/tube_000859.jpg,train,3,3,2262
images/train/tube_000860.jpg,train,1,1,973
images/train/tube_000861.jpg,train,4,4,2821
images/train/tube_000862.jpg,train,2,2,1871
images/test/tube_000863.jpg,test,3,3,2591
images/train/tube_000864.jpg,train,2,2,1693
images/val/tube_000865.jpg,val,4,4,3184
images/val/tube_000866.jpg,val,4,4,3098
images/train/tube_000867.jpg,train,1,1,952
images/train/tube_000868.jpg,train,1,1,916
images/val/tube_000869.jpg,val,3,3,2653
images/train/tube_000870.jpg,train,3,3,2971
images/train/tube_000871.jpg,train,2,2,1362
images/train/tube_000872.jpg,train,3,3,2634
images/test/tube_000873.jpg,test,4,4,3626
images/train/tube_000874.jpg,train,0,0,0
images/train/tube_000875.jpg,train,1,1,820
images/train/tube_000876.jpg,train,2,2,1472
images/val/tube_000877.jpg,val,2,2,1631
images/train/tube_000878.jpg,train,1,1,934
images/train/tube_000879.jpg,train,2,2,1675
images/train/tube_000880.jpg,train,4,4,3622
images/train/tube_000881.jpg,train,2,2,1669
images/train/tube_000882.jpg,train,3,3,2655
images/val/tube_000883.jpg,val,3,3,2509
images/test/tube_000884.jpg,test,4,4,3015
images/train/tube_000885.jpg,train,1,1,774
images/train/tube_000886.jpg,train,2,2,1497
images/train/tube_000887.jpg,train,4,4,3101
images/train/tube_000888.jpg,train,3,3,2552
images/train/tube_000889.jpg,train,1,1,730
images/train/tube_000890.jpg,train,4,4,3300
images/train/tube_000891.jpg,train,1,1,580
images/train/tube_000892.jpg,train,4,4,3804
images/train/tube_000893.jpg,train,4,4,3684
images/train/tube_000894.jpg,train,4,4,2993
images/train/tube_000895.jpg,train,1,1,848
images/train/tube_000896.jpg,train,2,2,1614
images/test/tube_000897.jpg,test,2,2,1846
images/train/tube_000898.jpg,train,3,3,2522
images/train/tube_000899.jpg,train,3,3,2492
images/test/tube_000900.jpg,test,1,1,936
images/train/tube_000901.jpg,train,3,3,2292
images/train/tube_000902.jpg,train,4,4,3199
images/test/tube_000903.jpg,test,2,2,1734
images/train/tube_000904.jpg,train,4,4,3282
images/train/tube_000905.jpg,train,1,1,861
images/train/tube_000906.jpg,train,4,4,3391
images/train/tube_000907.jpg,train,1,1,1014
images/train/tube_000908.jpg,train,4,4,3592
images/train/tube_000909.jpg,train,1,1,719
images/test/tube_000910.jpg,test,1,1,903
images/train/tube_000911.jpg,train,2,2,1314
images/train/tube_000912.jpg,train,2,2,1993
images/train/tube_000913.jpg,train,4,4,3487
images/train/tube_000914.jpg,train,2,2,1755
images/train/tube_000915.jpg,train,3,3,2642
images/test/tube_000916.jpg,test,3,3,2166
images/train/tube_000917.jpg,train,4,4,3511
images/train/tube_000918.jpg,train,4,4,3311
images/train/tube_000919.jpg,train,2,2,1772
images/train/tube_000920.jpg,train,4,4,3312
images/train/tube_000921.jpg,train,3,3,2121
images/train/tube_000922.jpg,train,2,2,1608
images/train/tube_000923.jpg,train,2,2,1686
images/train/tube_000924.jpg,train,2,2,1656
images/train/tube_000925.jpg,train,1,1,961
images/val/tube_000926.jpg,val,3,3,2436
images/val/tube_000927.jpg,val,0,0,0
images/train/tube_000928.jpg,train,2,2,1792
images/train/tube_000929.jpg,train,4,4,3476
images/train/tube_000930.jpg,train,1,1,869
images/train/tube_000931.jpg,train,3,3,2482
images/train/tube_000932.jpg,train,4,4,3150
images/train/tube_000933.jpg,train,1,1,1041
images/val/tube_000934.jpg,val,3,3,2328
images/train/tube_000935.jpg,train,4,4,3041
images/train/tube_000936.jpg,train,3,3,2058
images/test/tube_000937.jpg,test,3,3,2515
images/train/tube_000938.jpg,train,3,3,2591
images/train/tube_000939.jpg,train,2,2,1473
images/val/tube_000940.jpg,val,2,2,1363
images/test/tube_000941.jpg,test,2,2,1625
images/train/tube_000942.jpg,train,3,3,2658
images/train/tube_000943.jpg,train,4,4,3727
images/test/tube_000944.jpg,test,4,4,3418
images/train/tube_000945.jpg,train,0,0,0
images/train/tube_000946.jpg,train,2,2,1304
images/train/tube_000947.jpg,train,4,4,3175
images/val/tube_000948.jpg,val,2,2,1758
images/train/tube_000949.jpg,train,1,1,790
images/test/tube_000950.jpg,test,1,1,951
images/train/tube_000951.jpg,train,1,1,572
images/train/tube_000952.jpg,train,2,2,1576
images/train/tube_000953.jpg,train,3,3,2527
images/train/tube_000954.jpg,train,4,4,3618
images/val/tube_000955.jpg,val,4,4,2985
images/train/tube_000956.jpg,train,3,3,2128
images/train/tube_000957.jpg,train,4,4,3272
images/train/tube_000958.jpg,train,2,2,1884
images/train/tube_000959.jpg,train,4,4,3431
images/train/tube_000960.jpg,train,3,3,2682
images/train/tube_000961.jpg,train,2,2,1597
images/train/tube_000962.jpg,train,1,1,973
images/val/tube_000963.jpg,val,2,2,1785
images/train/tube_000964.jpg,train,3,3,2539
images/test/tube_000965.jpg,test,3,3,2413
images/train/tube_000966.jpg,train,1,1,641
images/train/tube_000967.jpg,train,4,4,3641
images/train/tube_000968.jpg,train,3,3,2391
images/train/tube_000969.jpg,train,3,3,2649
images/test/tube_000970.jpg,test,0,0,0
images/train/tube_000971.jpg,train,3,3,2287
images/train/tube_000972.jpg,train,3,3,2726
images/train/tube_000973.jpg,train,2,2,1564
images/train/tube_000974.jpg,train,4,4,3261
images/train/tube_000975.jpg,train,1,1,912
images/train/tube_000976.jpg,train,2,2,1567
images/train/tube_000977.jpg,train,3,3,2631
images/train/tube_000978.jpg,train,4,4,3466
images/train/tube_000979.jpg,train,3,3,2192
images/train/tube_000980.jpg,train,2,2,1530
images/train/tube_000981.jpg,train,4,4,3008
images/train/tube_000982.jpg,train,4,4,3486
images/train/tube_000983.jpg,train,2,2,1511
images/train/tube_000984.jpg,train,1,1,719
images/val/tube_000985.jpg,val,2,2,1637
images/train/tube_000986.jpg,train,3,3,2282
images/train/tube_000987.jpg,train,1,1,863
images/train/tube_000988.jpg,train,0,0,0
images/test/tube_000989.jpg,test,2,2,1725
images/train/tube_000990.jpg,train,3,3,2647
images/train/tube_000991.jpg,train,4,4,3216
images/train/tube_000992.jpg,train,2,2,1613
images/train/tube_000993.jpg,train,1,1,851
images/train/tube_000994.jpg,train,2,2,1629
images/train/tube_000995.jpg,train,2,2,1607
images/train/tube_000996.jpg,train,3,3,2316
images/test/tube_000997.jpg,test,3,3,2801
images/test/tube_000998.jpg,test,3,3,2645
images/train/tube_000999.jpg,train,2,2,1477
