#{"t_start": 1785871051.1098237, "env_id": "None"}
r,l,t
49.831938,5,2.065784
49.791801,5,2.235286
51.43377,7,2.383247
49.884886,5,2.661935
50.87075,7,2.817096
52.928898,6,3.095708
49.798751,5,3.217182
51.04368,7,3.492537
51.105015,7,3.648821
51.752513,6,3.890142
50.294016,5,4.012017
50.631033,5,4.2535
52.366879,6,4.469918
51.325352,6,4.611865
50.992102,7,4.826278
52.199112,6,4.962109
51.021802,6,5.057518
49.940172,5,5.248645
51.809977,6,5.393622
52.337681,6,5.531014
51.818935,6,5.681681
49.076672,5,5.881193
49.951468,5,6.047927
50.938546,6,6.181631
50.67641,5,6.286379
49.896114,5,6.496449
49.827283,5,6.66709
52.285093,6,6.946136
50.905869,6,7.072196
51.042366,7,7.327968
50.3007,5,7.583695
49.797404,5,7.816014
51.513417,7,8.01377
50.888628,6,8.143524
51.327087,6,8.321638
50.989986,6,8.41375
49.097118,5,8.651901
50.963893,7,8.898006
51.331875,6,9.118613
51.588655,6,9.259179
50.103536,5,9.430293
51.086183,7,9.67803
49.467101,5,9.801899
49.790228,5,9.95859
50.00118,5,10.05274
50.918375,6,10.168547
51.831145,6,10.313414
51.007008,7,10.561922
52.145331,6,10.778509
52.758778,6,10.992646
51.360052,6,11.12834
50.855901,6,11.256362
49.829352,5,11.491788
49.889073,5,11.598227
49.937756,5,11.72645
51.169818,6,11.906278
50.367175,5,12.157975
50.729263,7,12.310823
49.893521,5,12.563504
49.838573,5,12.688898
50.139902,5,12.785779
51.470076,6,13.015765
51.374545,6,13.237752
50.991257,6,13.371115
50.791451,5,13.65422
50.862207,7,13.937982
49.950208,5,14.170505
51.048529,6,14.269792
50.591472,5,14.393681
49.77183,5,14.561484
50.59907,5,14.670273
49.840762,5,14.764279
49.906504,5,15.000381
49.856752,5,15.246154
52.254999,6,15.383014
49.954364,5,15.544619
50.347773,5,15.722997
50.912131,7,15.97368
49.80916,5,16.141774
51.519053,7,16.29136
51.041799,6,16.384887
50.898009,6,16.518849
51.138178,7,16.669509
49.862727,5,16.907154
51.031621,6,17.038298
50.711484,5,17.168066
50.559047,5,17.36562
50.258404,5,17.541597
50.449953,5,17.636088
52.641454,6,17.856069
51.553541,7,18.103875
51.949451,6,18.249983
49.925339,5,18.489161
51.463071,7,18.65109
50.008131,5,18.848355
50.269759,5,19.046529
49.817993,5,19.144196
50.057526,5,19.267562
50.279409,5,19.401961
50.923301,6,19.530651
51.109908,7,19.682743
50.94596,6,19.822589
51.548054,7,20.085314
50.050713,5,20.297817
51.223136,7,20.558512
50.65349,7,20.831658
50.914775,6,20.966182
50.073248,5,21.161449
49.830096,5,21.286872
52.225317,6,21.437887
49.838966,5,21.606724
51.613502,6,21.75882
51.577165,7,22.019269
51.249555,6,22.171847
49.817791,5,22.335192
50.539963,5,22.521865
50.879717,7,22.676369
49.769794,5,22.938453
51.585909,6,23.156738
50.084792,5,23.345034
50.178542,5,23.531164
50.964168,7,23.770153
50.362138,5,23.869891
51.335352,7,24.035134
51.616513,7,24.301084
50.240094,5,24.544404
50.900665,7,24.797182
50.090689,5,24.89985
49.894209,5,25.137183
49.835997,5,25.236983
50.287885,5,25.358123
49.829617,5,25.530271
51.035125,7,25.683264
50.937053,6,25.803448
50.690134,7,25.93984
49.986798,5,26.097837
49.942919,5,26.313133
49.921047,5,26.465232
50.801349,5,26.695799
49.848073,5,26.819257
51.675857,6,26.957874
49.835522,5,27.196272
50.813452,5,27.436305
50.821111,7,27.582859
50.782918,5,27.782904
51.857908,6,28.008755
51.126065,6,28.160359
52.286084,6,28.391213
49.840016,5,28.689003
50.846636,7,28.844188
49.869648,5,29.088088
52.360955,6,29.312285
50.879773,6,29.443295
51.222717,6,29.571727
50.894023,6,29.714883
51.085075,6,29.874
49.875705,5,30.148326
49.888168,5,30.335495
50.455298,5,30.576086
51.075906,7,30.72716
49.798687,5,30.978536
51.110638,7,31.239476
51.783318,6,31.463212
50.942474,6,31.587185
51.407831,6,31.733424
50.90651,6,31.860892
51.646611,6,32.085092
51.875951,6,32.228114
51.210636,7,32.379073
52.81457,6,32.518191
50.202833,5,32.77294
50.809302,5,33.014378
51.727853,7,33.214296
51.997859,6,33.361583
51.450759,7,33.592554
51.004751,6,33.81919
51.477087,6,33.962843
49.799319,5,34.134352
50.883586,6,34.253091
51.195624,6,34.48545
49.794604,5,34.610827
50.237075,5,34.766529
49.822622,5,34.957894
50.551933,5,35.189512
51.596318,6,35.309713
51.097747,7,35.554068
50.613476,5,35.676447
50.893755,6,35.793006
51.356165,6,35.937771
51.100609,7,36.20019
50.153127,5,36.435434
51.950068,6,36.579621
51.253475,6,36.732594
50.956481,6,36.858943
51.194869,6,37.084392
51.266111,7,37.242356
50.98744,6,37.36875
50.986525,7,37.63086
51.478929,6,37.852783
51.516725,6,37.997973
49.855416,5,38.241435
51.429596,6,38.389513
51.703518,6,38.532762
49.167261,5,38.778205
52.334585,6,38.915443
50.385752,5,39.022603
50.007344,5,39.268258
50.259354,5,39.512035
50.951472,6,39.640392
50.819023,7,39.895922
51.788634,6,40.03536
50.401933,5,40.28557
49.786318,5,40.390501
50.196587,5,40.548961
50.885177,6,40.66478
50.920327,6,40.798236
51.029443,6,40.931268
51.267681,7,41.099729
51.215136,6,41.253447
50.606531,5,41.498155
50.572572,5,41.743251
50.873083,7,41.998045
52.268814,6,42.136439
50.954002,7,42.379052
49.839879,5,42.552822
49.830376,5,42.799912
51.352444,6,42.938329
50.912176,6,43.064634
50.431652,5,43.223084
50.00886,5,43.339055
50.274852,5,43.445934
51.884063,6,43.662295
49.871481,5,43.779601
50.210755,5,44.002132
50.416443,5,44.244844
49.904969,5,44.406025
50.733467,7,44.669005
51.49017,6,44.807619
50.940202,6,44.929249
50.953526,6,45.059535
51.664386,7,45.214671
49.64131,5,45.329695
49.907098,5,45.57846
51.582315,6,45.711472
50.550325,5,45.81111
49.164998,5,45.992486
52.912482,6,46.204966
51.727536,6,46.325985
49.947279,5,46.48946
51.318979,6,46.72095
52.066891,6,46.901754
49.352054,5,47.001058
51.648753,7,47.232786
52.562612,6,47.482549
50.734488,7,47.758353
49.973337,5,47.884757
50.353004,5,48.0848
49.840697,5,48.249071
51.630553,6,48.435332
51.243755,6,48.652477
50.950116,6,48.779229
50.357067,5,48.897118
50.9886,7,49.049682
50.073764,5,49.218307
51.648159,7,49.417477
51.689032,7,49.6684
50.918381,7,49.812887
50.28325,5,50.061411
50.913939,6,50.178798
49.895354,5,50.444803
-14.016144,6,50.798202
51.25259,6,50.935983
49.891577,5,51.098363
49.830061,5,51.337605
49.901099,5,51.558821
50.386655,5,51.781353
50.251413,5,51.909887
49.946444,5,52.075535
51.46329,6,52.216766
51.002416,7,52.367001
50.331776,5,52.598187
51.231713,6,52.844709
51.571592,7,53.093093
51.196224,6,53.206351
50.481815,5,53.326229
50.946407,6,53.451655
50.879251,7,53.707464
51.009691,7,53.84933
51.21326,6,54.061061
50.56272,5,54.179397
51.234082,6,54.311185
49.873868,5,54.563331
50.938231,7,54.793456
51.747109,6,54.932529
52.52587,6,55.06469
51.283657,6,55.193513
51.088926,6,55.308867
50.172188,5,55.478184
52.388244,6,55.686048
51.81835,6,55.896307
50.066006,5,56.014851
49.828432,5,56.23262
51.524467,7,56.463788
49.986113,5,56.701429
50.4678,7,56.846378
51.452099,6,56.965598
50.832439,5,57.190743
50.142901,5,57.365654
52.389589,6,57.574653
50.07525,5,57.721832
51.012275,7,57.968782
50.365093,5,58.138974
50.632853,7,58.282898
51.046079,7,58.516617
51.107989,7,58.747645
50.271058,5,59.023491
51.775369,6,59.16361
51.454139,7,59.399867
49.825746,5,59.555564
50.904541,6,59.684909
51.510626,6,59.810253
50.894852,6,59.928651
50.54429,5,60.031385
50.961918,5,60.259411
51.108656,6,60.381044
50.397731,5,60.49864
51.137449,6,60.632469
50.08272,5,60.793226
50.224112,5,60.896029
51.300315,6,61.108203
51.006755,7,61.253445
50.266819,5,61.43308
50.987096,6,61.560327
50.985904,6,61.69309
50.961624,7,61.93957
52.306713,6,62.148
51.592366,6,62.289192
50.750124,7,62.424941
51.611504,6,62.631329
50.241629,5,62.760581
50.955959,6,62.884789
52.322097,6,63.007086
50.945269,6,63.133361
50.902465,6,63.251801
52.02058,6,63.392326
49.916493,5,63.558256
52.936413,6,63.760823
50.947002,6,63.879954
51.192711,6,64.005208
50.462442,5,64.162389
50.379021,5,64.263919
50.945071,7,64.53291
50.488622,5,64.661137
51.64667,6,64.802871
51.303371,7,65.060585
50.95009,7,65.196168
51.180171,6,65.40215
49.961254,5,65.491473
50.759164,5,65.635548
51.279603,7,65.881326
49.943464,5,66.123921
50.91224,6,66.251028
50.442224,5,66.440442
50.910584,7,66.689179
51.016212,7,66.936182
50.928341,6,67.049565
51.559028,6,67.164051
50.087416,5,67.427331
51.468576,6,67.539486
50.607126,5,67.753426
50.151832,5,67.988087
50.509543,5,68.079872
50.222009,5,68.179199
52.71452,6,68.305191
51.108229,7,68.458064
51.579801,6,68.596978
50.562676,7,68.754048
50.59356,5,68.910249
50.063874,5,69.085062
49.951207,5,69.316899
50.991489,7,69.543649
50.209957,5,69.711209
50.925712,6,69.859455
50.95935,6,69.996007
50.496046,5,70.19726
51.672038,6,70.314352
50.325977,5,70.591141
51.301773,6,70.760033
50.059891,5,71.051997
52.843788,6,71.195603
52.587537,6,71.409336
50.948139,6,71.53983
51.43657,7,71.832496
51.557402,7,72.06567
51.737676,7,72.298581
49.928553,5,72.442854
50.374341,5,72.675976
49.892842,5,72.935595
-14.186759,5,73.040858
51.536447,6,73.186159
49.961974,5,73.370064
51.703926,6,73.496344
50.538977,5,73.615313
50.935897,6,73.726691
51.168662,6,73.846945
49.898466,5,74.012067
51.728565,7,74.158691
50.076186,5,74.388184
51.042067,7,74.621714
50.758681,5,74.793547
51.3665,6,74.911767
51.383748,6,75.039316
52.678806,6,75.236887
50.127746,5,75.461149
51.079783,6,75.582751
51.228588,6,75.708364
50.517561,5,75.85779
50.802918,7,76.090334
51.562391,6,76.303752
49.821256,5,76.450039
52.467682,6,76.655512
51.305193,6,76.793871
50.305344,5,77.022332
52.218142,6,77.233542
50.56036,5,77.455569
51.718017,7,77.716043
51.239935,7,77.852876
50.775827,7,78.08782
51.017235,6,78.214912
50.983077,7,78.465845
50.932711,6,78.579184
50.979364,6,78.706903
51.644226,6,78.91702
50.028876,5,79.096488
51.083059,7,79.236904
49.952609,5,79.346081
50.466537,5,79.574506
50.191111,5,79.741387
51.002182,7,79.986156
49.937122,5,80.241412
51.743396,6,80.35548
51.184245,6,80.489034
50.12426,5,80.574201
51.084807,7,80.817112
50.9058,6,80.945189
50.937849,7,81.078761
50.42015,5,81.190542
50.879902,6,81.308859
50.94875,7,81.461668
49.681337,5,81.55134
50.098048,5,81.655721
51.758681,7,81.908731
49.835882,5,82.021631
52.086213,6,82.230188
51.174022,7,82.371485
50.225702,5,82.480173
52.802188,6,82.685283
51.217481,6,82.824678
51.659695,6,82.967597
50.250589,5,83.058779
49.878515,5,83.276152
51.42369,6,83.397887
50.903191,6,83.522129
50.937296,6,83.636341
49.791976,5,83.867151
49.780311,5,84.102747
50.151597,5,84.203989
50.305853,5,84.391086
50.625004,7,84.649091
50.042978,5,84.878695
51.118095,6,85.016853
50.261582,6,85.140606
50.940049,6,85.264848
50.997616,6,85.393956
52.16125,6,85.601542
50.160158,5,85.83402
51.196992,6,85.969331
50.158432,5,86.073941
50.154888,5,86.165609
50.916611,6,86.30036
50.363448,5,86.518147
50.045722,5,86.723307
50.898834,6,86.847013
50.828024,7,87.093485
51.164181,7,87.236496
49.932445,5,87.476494
50.668301,7,87.606738
49.983541,5,87.770752
49.958478,5,87.940867
50.109846,5,88.031518
51.657682,7,88.165682
51.946727,6,88.368675
50.02378,5,88.467722
52.837532,6,88.666152
51.038929,7,88.809475
51.084164,7,89.044917
52.54687,6,89.176292
49.797982,5,89.282459
49.829781,5,89.473013
50.824768,7,89.610742
51.146878,7,89.751075
51.852846,6,89.957792
50.810517,5,90.112361
52.509129,6,90.272744
50.935035,6,90.398005
50.578758,7,90.665973
50.058632,5,90.745563
50.906878,6,90.870649
50.165105,5,91.039524
51.383911,7,91.270803
50.914717,6,91.382434
49.975136,5,91.484178
50.939162,6,91.607448
51.262725,6,91.731408
50.944329,6,91.844136
50.930035,6,91.954785
50.56113,5,92.189343
50.18669,5,92.414726
49.843132,5,92.641119
50.917024,6,92.757203
50.812821,7,92.903398
49.98492,5,93.011227
51.244721,7,93.249613
51.722354,6,93.455886
51.556704,7,93.594079
50.766106,7,93.845646
50.209781,7,93.995025
50.246878,5,94.231716
49.971107,5,94.340016
50.106382,5,94.448669
50.917373,6,94.568032
50.802493,7,94.832921
50.930712,7,95.067331
50.200519,5,95.162966
51.118256,6,95.249608
50.234384,5,95.34123
50.54196,5,95.56733
51.169038,7,95.708572
51.495182,7,95.854125
52.827247,6,95.976281
50.922957,6,96.088677
50.797999,7,96.331038
50.497553,5,96.555948
51.160162,6,96.732679
51.058018,6,96.879111
49.909129,5,97.145171
50.513998,5,97.405905
50.157811,5,97.486518
50.109594,5,97.716527
50.041229,5,97.862992
51.335849,7,98.099872
50.956669,6,98.221207
50.16221,5,98.318031
50.912463,6,98.427889
51.215386,6,98.558594
51.38912,7,98.697687
52.330095,6,98.924697
50.35987,5,99.093853
50.218705,5,99.239712
49.933283,5,99.333827
49.820473,5,99.507283
51.337124,7,99.741945
50.908091,6,99.858474
49.808666,5,100.086339
50.757502,7,100.316842
50.951845,6,100.439647
51.179529,6,100.5698
49.935275,5,100.724654
51.576683,7,100.944046
52.426061,6,101.154489
51.19454,6,101.291214
51.313541,6,101.426338
50.920483,6,101.538949
50.08916,5,101.646127
50.044132,5,101.736254
51.358453,6,101.94886
50.479231,7,102.176662
49.983832,5,102.26608
51.166419,6,102.398282
50.929842,6,102.513245
51.649461,7,102.693708
50.933024,6,102.810052
50.934249,6,102.931724
50.959388,5,103.204964
50.150014,5,103.366093
49.821021,5,103.477285
50.167779,5,103.63733
50.416383,5,103.722011
49.881863,5,103.972615
50.044278,5,104.244857
50.975765,7,104.377047
51.875394,6,104.512192
50.025291,5,104.615007
50.185622,5,104.872113
51.388287,7,105.113809
50.956629,7,105.254535
50.827775,7,105.399702
50.886377,6,105.509862
50.949084,7,105.644774
50.923746,6,105.754922
52.483823,6,105.886379
50.901452,6,106.006259
51.148674,7,106.2574
52.019293,6,106.453712
49.791307,5,106.560195
51.798334,6,106.692954
50.319476,6,106.858237
49.912921,5,106.961067
50.062832,5,107.050268
51.199651,7,107.286148
52.05916,6,107.494911
53.046121,6,107.688422
51.401237,6,107.856976
51.74035,6,107.99315
50.169067,5,108.07625
51.577061,6,108.209999
51.074656,6,108.336151
50.937035,6,108.456496
52.512549,6,108.689915
51.402294,7,108.914815
50.711265,7,109.044669
49.981512,5,109.189011
51.798376,6,109.325185
50.983183,7,109.468703
50.984209,6,109.589908
52.457487,6,109.70871
51.043113,7,109.842109
51.432332,6,109.97428
50.205498,5,110.056385
51.870747,6,110.258719
50.072237,5,110.480578
51.117779,5,110.711478
51.784097,6,110.836405
50.672725,5,111.061551
49.94395,5,111.218215
51.676306,6,111.326712
52.964298,6,111.462374
51.738484,6,111.662716
50.790365,7,111.892028
49.85629,5,112.034469
49.992935,5,112.128622
51.633828,7,112.363802
50.2075,5,112.477945
50.857993,6,112.586221
50.901459,7,112.720379
49.891287,5,112.957713
51.516525,7,113.17679
52.391538,6,113.380715
50.40037,5,113.553028
50.701348,7,113.683224
51.58782,6,113.816148
50.467057,7,113.952051
50.109476,5,114.094609
50.169397,5,114.255289
50.813859,7,114.393856
50.847331,7,114.62186
52.567984,6,114.817532
49.976058,5,114.918707
49.923523,5,115.013813
52.547359,6,115.136231
49.826404,5,115.248462
50.465857,7,115.486228
49.963805,5,115.730544
51.626407,6,115.933136
49.998795,5,116.030568
51.399804,7,116.163292
49.908529,5,116.306343
50.011421,5,116.531661
49.988254,5,116.725572
50.923595,6,116.835205
50.581494,5,117.052676
50.907262,6,117.165077
50.933365,6,117.2744
51.520003,6,117.385706
52.048658,6,117.585058
50.968646,6,117.70521
50.387152,5,117.807366
51.129045,7,117.949646
50.665896,7,118.202423
50.925186,6,118.312396
49.848032,5,118.414032
51.611475,6,118.533422
51.289789,6,118.648996
51.676554,7,118.825259
50.076733,5,119.059097
49.946212,5,119.298637
49.869086,5,119.5696
50.270779,5,119.65897
51.94134,6,119.864772
49.883563,5,119.969661
51.438145,7,120.102463
51.806388,6,120.239157
50.185751,5,120.327441
50.627066,5,120.601578
50.870556,7,120.730944
50.97839,6,120.851166
50.984906,6,120.936799
50.530804,5,121.08032
50.908029,5,121.235668
52.596474,6,121.439246
50.787114,7,121.574455
49.798923,5,121.682631
52.19096,6,121.807822
51.888867,6,122.010486
51.702712,7,122.190838
50.792656,5,122.351068
50.078677,5,122.438364
49.990644,5,122.525463
50.240159,5,122.634131
51.403309,6,122.749866
-14.049566,6,123.083505
50.895425,6,123.205705
49.829745,5,123.436708
51.020505,7,123.577426
49.138539,5,123.730754
49.900063,5,123.873775
51.577204,6,124.008569
49.928196,5,124.25316
50.293533,5,124.356893
51.596292,7,124.535214
51.116661,7,124.785295
49.961839,5,124.87327
50.118153,5,124.977939
51.363575,7,125.117801
50.979188,6,125.204406
50.883672,7,125.332443
49.810781,5,125.512331
52.432339,6,125.641762
49.813799,5,125.752754
50.983654,6,125.874189
49.797756,5,126.059492
50.945567,6,126.168794
50.051814,5,126.283637
49.964874,5,126.427039
51.150816,6,126.547595
49.934453,5,126.707308
51.174628,6,126.921161
51.142822,7,127.14966
51.649517,7,127.282744
52.594138,6,127.412739
50.923009,6,127.533088
51.022157,6,127.654038
52.817817,6,127.772361
50.011659,5,127.927861
51.518322,6,128.130309
52.469549,6,128.245459
50.037927,5,128.331669
50.181,5,128.418534
51.49352,7,128.648067
50.981145,6,128.73327
51.345323,7,128.865246
50.912062,6,128.991716
50.72086,5,129.153021
50.630295,7,129.414023
49.876406,5,129.510666
50.059099,5,129.74593
50.12106,5,129.915579
49.833877,5,130.037253
51.84948,6,130.170678
50.79648,7,130.423051
52.462293,6,130.619367
51.61283,7,130.751429
52.477943,6,130.875917
50.908563,6,130.987443
52.503274,6,131.109434
51.695485,7,131.343883
49.896036,5,131.572794
50.895594,6,131.698675
49.976665,5,131.79933
51.216182,6,132.011167
51.257747,7,132.14427
50.330362,5,132.334621
50.936268,6,132.444126
51.583816,7,132.581849
50.077995,5,132.699076
51.150335,6,132.783977
49.909204,5,132.937184
50.468933,5,133.150298
50.669106,7,133.403209
50.60921,5,133.501867
50.890834,6,133.610745
50.338313,5,133.698583
50.333248,5,133.800279
50.969935,6,133.911958
51.100699,7,134.139773
50.932311,6,134.262652
49.821635,5,134.386836
49.870948,5,134.61576
50.268577,5,134.787093
49.920399,5,134.881252
50.964292,6,135.004422
51.439917,7,135.238367
50.242764,5,135.340504
-12.542054,6,135.562249
52.856988,6,135.764039
51.72501,6,135.89524
50.942076,6,136.011477
51.523143,6,136.133377
51.020496,6,136.22105
50.899436,6,136.329832
50.618325,7,136.471283
52.376719,6,136.590819
52.386476,6,136.723867
51.157942,6,136.858065
51.98138,6,137.074653
50.951331,6,137.184832
50.641053,5,137.400118
50.497068,5,137.639096
51.062345,5,137.798198
50.155874,5,137.949428
49.933124,5,138.103813
51.135382,6,138.314182
50.006521,5,138.476892
51.462448,7,138.614314
50.112385,5,138.804924
50.133951,5,138.981202
49.838106,5,139.149476
51.025812,7,139.287299
50.888422,7,139.425694
51.051854,7,139.669591
50.252361,5,139.774109
50.960329,6,139.893893
49.863196,5,139.990029
50.970085,6,140.101671
50.179635,5,140.265028
51.129115,6,140.388474
49.982858,5,140.625818
50.057264,5,140.71096
50.147408,5,140.856156
49.864786,5,140.967312
50.393375,5,141.06997
49.950381,5,141.240324
49.846139,5,141.333015
50.72213,7,141.561673
51.32257,7,141.702507
49.861768,5,141.927822
50.003333,5,142.090091
51.428003,7,142.269356
51.613878,7,142.497238
51.654533,5,142.825325
51.016687,6,142.944522
51.521332,7,143.073264
49.00609,5,143.182617
50.908381,6,143.299896
51.121506,6,143.430349
50.137149,5,143.539019
50.870187,6,143.648713
50.491494,5,143.877724
49.852512,5,144.024601
52.747706,6,144.221906
51.592296,6,144.356243
50.696775,7,144.499969
49.92434,5,144.59601
49.867818,5,144.777902
49.947678,5,144.934439
51.335545,6,145.05482
53.023605,6,145.175995
50.623788,7,145.319464
50.892335,6,145.440124
50.0638,5,145.528264
51.344029,6,145.645427
51.114046,7,145.895044
49.922417,5,145.991216
50.097696,5,146.262592
51.271818,7,146.402862
50.359521,7,146.543102
49.951925,5,146.645251
49.789673,5,146.755781
51.538771,6,146.929168
49.903964,5,147.013246
50.900116,6,147.146616
50.868251,6,147.275549
50.910685,6,147.399893
50.154685,5,147.495555
50.900755,6,147.612274
49.861239,5,147.744771
50.457939,5,147.963192
51.645065,6,148.175548
51.103752,7,148.310624
51.448878,7,148.543838
50.931881,7,148.68108
50.94062,6,148.808257
50.937531,6,148.933299
49.968611,5,149.098699
51.118877,6,149.223312
49.850012,5,149.32104
51.220174,6,149.494295
51.438221,7,149.723704
50.094093,5,149.96304
51.182917,7,150.207133
50.92976,6,150.292739
51.919809,6,150.514136
50.013321,5,150.744358
49.91455,5,150.972135
51.03105,6,151.103914
50.881856,7,151.24244
49.798483,5,151.502017
-14.060967,6,151.872457
51.265011,6,152.018014
51.212532,6,152.227983
50.152112,5,152.317317
51.140472,7,152.451512
52.871656,6,152.578478
52.797611,6,152.703961
50.967552,6,152.819108
50.054747,5,153.011883
51.803223,6,153.178753
50.049714,5,153.27404
51.535882,6,153.476125
50.938512,6,153.585858
49.964153,5,153.68281
50.05707,5,153.919956
50.788137,7,154.164437
49.996244,5,154.307629
52.351135,6,154.513934
52.934654,6,154.635674
51.447288,7,154.864054
50.679954,5,155.023935
51.214799,6,155.161211
51.931156,6,155.297236
52.666176,6,155.41393
51.137782,6,155.636206
51.136089,6,155.84872
49.805643,5,155.990179
50.915834,6,156.112262
50.98657,7,156.347703
50.631966,5,156.590472
51.312549,7,156.830967
50.918595,6,156.943872
51.228954,7,157.081872
51.479998,6,157.22175
50.930721,6,157.342157
51.418265,6,157.476397
51.237004,7,157.603636
51.444527,7,157.819774
50.964341,6,157.930588
51.54298,7,158.167672
51.623126,6,158.289613
52.733556,6,158.49633
50.704616,7,158.630072
51.664603,7,158.858691
49.841037,5,158.949838
50.135786,5,159.224828
52.016679,6,159.357714
51.50518,6,159.566407
51.083819,6,159.654565
51.379827,6,159.86052
51.118864,6,159.985176
51.583873,7,160.224562
52.294729,6,160.431023
50.877943,7,160.666805
51.178308,6,160.888899
51.512981,6,161.028416
49.980958,5,161.252909
50.940275,6,161.376061
49.915025,5,161.472413
50.921156,6,161.593727
50.068025,5,161.681552
50.155343,5,161.780321
50.759018,5,162.003951
50.121956,5,162.223326
51.234101,6,162.345068
53.009022,6,162.538756
50.505903,7,162.779899
51.214945,6,162.91093
51.466639,7,163.13959
50.007942,5,163.241765
51.18732,6,163.371439
51.388797,6,163.57563
51.842366,6,163.782495
50.99178,7,163.916296
50.86171,5,164.076604
50.403524,5,164.162958
51.756667,6,164.286187
50.330215,5,164.377671
50.2052,5,164.519693
51.833995,6,164.717987
51.180691,6,164.876261
50.008142,5,164.978921
51.62883,7,165.219327
50.4131,5,165.370132
50.160489,5,165.462912
49.812822,5,165.683145
50.788697,7,165.824383
50.050579,5,166.017747
50.562432,5,166.262254
50.982683,6,166.372893
50.710165,7,166.515125
50.072075,5,166.646835
49.568845,5,166.736475
51.301395,6,166.852048
50.938288,6,166.973259
50.142971,5,167.126481
51.483144,7,167.258728
51.641707,7,167.515256
51.106594,7,167.75259
49.801855,5,167.977774
50.090898,5,168.083942
50.012022,5,168.206376
50.760594,5,168.469959
51.380941,7,168.610566
50.954317,6,168.731766
51.649488,7,168.870956
50.793182,7,169.003848
52.799402,6,169.130728
50.186572,5,169.244452
52.218777,6,169.450884
50.912949,6,169.565045
50.756762,5,169.814365
49.979612,5,169.916806
52.726036,6,170.041509
50.917813,6,170.150676
51.551259,7,170.282987
51.125481,6,170.414206
50.67768,7,170.55693
50.933392,6,170.674235
50.923262,7,170.841194
51.58152,6,171.055979
50.89592,7,171.191731
50.78006,5,171.45333
50.950536,6,171.543069
49.852938,5,171.702312
49.848292,5,171.88275
49.803532,5,172.104121
49.884282,5,172.265164
49.896697,5,172.423752
50.316375,5,172.589187
50.928362,6,172.698812
50.069481,5,172.799479
51.168422,6,173.012367
50.988197,6,173.135586
51.743431,6,173.260366
51.215189,6,173.378044
50.594813,5,173.586578
50.11243,5,173.723748
50.243762,5,173.874706
52.765934,6,174.072511
50.832449,7,174.309846
50.840347,5,174.576289
51.37199,7,174.704235
51.30332,7,174.934419
51.481066,7,175.160232
50.888698,6,175.2784
50.645298,7,175.414078
51.390803,6,175.578298
52.906555,6,175.690983
50.696327,5,175.846392
52.709285,6,176.052338
50.921405,6,176.171873
50.626041,5,176.332471
50.97726,6,176.451634
50.020158,5,176.532566
49.821323,5,176.801547
51.323944,6,177.00783
49.817686,5,177.105562
50.770208,5,177.259159
51.128862,6,177.46063
50.646351,7,177.593315
51.226078,6,177.724562
51.202788,7,177.959253
51.026226,7,178.092608
50.30749,5,178.183816
50.311152,5,178.286843
52.800166,6,178.490005
50.89162,6,178.608043
51.494611,7,178.822232
51.345494,6,178.988362
50.936028,6,179.107028
53.124818,6,179.223578
51.408617,6,179.333779
50.936653,7,179.561905
49.813701,5,179.650167
51.059704,6,179.77391
50.199904,5,180.028378
50.483416,5,180.179644
51.464452,7,180.313035
50.887499,6,180.431211
51.421954,6,180.541145
51.241183,6,180.748338
51.019725,6,180.871219
50.832081,7,181.099919
50.988042,7,181.331
-12.02664,5,181.421754
50.956371,6,181.530895
52.887954,6,181.744215
50.977745,6,181.830836
51.464963,6,181.949037
50.164761,5,182.108275
50.073974,5,182.198461
50.211288,5,182.301271
49.828137,5,182.389719
51.021668,7,182.522219
50.356835,5,182.758559
50.53081,5,182.851811
50.597379,5,183.069265
49.989991,5,183.171279
50.264924,5,183.380344
51.113269,7,183.513382
50.965769,6,183.622928
50.378026,5,183.708076
50.836716,5,183.861296
50.601024,5,183.949389
50.093356,5,184.175889
50.947206,6,184.288607
52.808073,6,184.403459
52.932367,6,184.602607
50.823378,5,184.865065
49.832472,5,185.045439
52.248624,6,185.185134
50.787291,5,185.340318
50.832573,5,185.493823
50.205783,5,185.681667
50.960238,6,185.768865
49.824018,5,185.874495
50.936833,6,185.989345
51.736727,6,186.125192
49.76226,5,186.230495
52.562273,6,186.425251
50.903668,6,186.534549
49.858057,5,186.771196
49.867122,5,186.872472
50.028218,5,186.977472
52.937539,6,187.099984
51.62685,6,187.212056
49.883107,5,187.336809
50.892948,7,187.565788
52.722969,6,187.762332
49.920784,5,187.922448
51.982328,6,188.127105
50.187728,5,188.23085
49.919725,5,188.459926
50.794764,7,188.687624
49.782975,5,188.888813
51.102706,6,189.020211
51.152012,6,189.152441
50.159799,5,189.254125
49.842881,5,189.413952
50.455142,5,189.503574
51.571584,6,189.709602
50.143696,5,189.854147
50.918545,6,189.971293
50.01641,5,190.210211
50.855671,7,190.435841
51.776832,6,190.572886
50.173385,5,190.685869
50.086049,5,190.845856
52.935239,6,191.048503
51.31545,7,191.310431
49.996295,5,191.465201
50.841509,7,191.600448
50.948983,5,191.758657
50.243363,5,191.996353
51.609859,6,192.118528
50.353071,5,192.267222
50.945433,6,192.380924
50.402248,5,192.530107
52.008368,6,192.730969
52.176809,6,192.937352
50.922014,6,193.059024
51.83103,6,193.194772
50.925136,6,193.306481
49.805227,5,193.396086
51.028026,6,193.483754
51.477668,7,193.673427
50.23899,5,193.775563
51.480725,6,193.907631
50.964753,6,194.029014
49.855072,5,194.117395
50.043118,5,194.205551
52.931698,6,194.346014
51.302304,6,194.476963
50.941792,6,194.598766
49.85717,5,194.684912
49.946875,5,194.801062
50.094585,5,194.984837
50.273058,5,195.069433
51.509103,6,195.186962
50.070283,5,195.270601
51.497966,7,195.404371
51.424138,7,195.536761
50.947768,6,195.659479
51.939424,6,195.863735
53.071551,6,196.049926
50.926223,6,196.166617
51.058791,6,196.284942
50.009926,5,196.432583
51.599126,6,196.567838
51.418327,7,196.70709
50.93043,6,196.828851
50.177196,5,197.045604
50.201237,5,197.207328
50.055626,5,197.302787
50.557038,5,197.478932
50.185677,5,197.736327
50.766311,7,197.964568
50.074515,5,198.078542
50.795473,7,198.211819
50.645011,5,198.44562
50.9141,6,198.557464
51.102028,7,198.697843
51.225608,7,198.930996
50.723055,5,199.137633
52.931786,6,199.35716
51.059046,6,199.474221
51.725195,6,199.608925
52.842193,6,199.739605
49.842109,5,199.836286
50.946508,6,199.947591
51.208714,6,200.080877
51.059952,6,200.169062
50.922094,6,200.278581
51.571149,7,200.492437
51.213094,6,200.629551
52.887546,6,200.786912
50.645427,5,200.945622
51.152571,7,201.08414
51.053832,6,201.214556
50.011909,5,201.302796
51.538059,7,201.529714
50.596938,5,201.627372
50.940376,6,201.741655
50.937465,6,201.832766
50.993253,6,201.955446
49.89916,5,202.108667
50.791034,7,202.343007
51.045335,7,202.474839
50.947705,6,202.584574
50.267099,5,202.826321
50.180232,5,203.063245
50.956724,6,203.149241
51.388203,7,203.386877
51.162379,7,203.522388
51.307633,6,203.643043
50.243764,5,203.83982
52.985958,6,203.957288
49.979828,5,204.172102
49.840103,5,204.366379
50.002309,5,204.510595
49.822943,5,204.617719
51.864739,6,204.755036
50.13632,5,204.907136
50.226462,5,205.147982
49.896209,5,205.259928
49.959686,5,205.407024
52.828844,6,205.518056
50.658006,7,205.661206
50.188736,5,205.765117
51.9241,6,205.971277
51.022722,5,206.203756
50.038343,5,206.306791
49.890019,5,206.391891
50.546585,5,206.552142
51.284543,6,206.765891
50.958375,6,206.889699
53.069415,6,207.083979
52.542341,6,207.230802
50.915755,6,207.35367
50.95332,6,207.474787
51.542067,6,207.609561
50.794637,7,207.84555
50.638364,7,208.098121
51.399727,6,208.297867
50.320304,5,208.454165
51.361509,7,208.586861
49.83702,5,208.776518
50.016924,5,208.917417
51.513028,7,209.095069
51.020532,6,209.214283
50.947616,6,209.324424
50.90155,7,209.452431
50.071692,5,209.539378
50.91172,6,209.661048
49.931432,5,209.889896
49.950714,5,209.980372
50.260658,5,210.123545
50.958876,6,210.208951
49.917487,5,210.311594
51.999121,6,210.441256
50.949764,6,210.550022
50.090618,5,210.631631
50.952439,6,210.747266
50.297491,5,210.904494
51.048848,6,210.989107
50.423251,5,211.212388
49.928315,5,211.312571
50.949355,6,211.430725
51.254745,7,211.556163
50.114902,5,211.662038
50.915416,6,211.772013
49.985173,5,212.007486
50.683669,5,212.234679
50.154268,5,212.332813
51.525752,6,212.447547
49.852316,5,212.671751
51.200769,6,212.802927
50.942894,6,212.91366
50.252441,5,213.015699
49.927794,5,213.183881
50.13315,5,213.287984
50.966099,5,213.560382
51.529501,6,213.762394
50.880083,6,213.879037
50.116927,5,214.068996
51.212898,7,214.20369
50.061584,5,214.312833
49.932486,5,214.548941
50.973343,6,214.636621
49.971116,5,214.749276
49.887053,5,214.934683
50.792881,7,215.071366
51.105535,7,215.205664
51.381011,7,215.431723
51.935027,6,215.641169
51.641249,7,215.871631
50.155558,5,215.959079
51.213256,6,216.045191
50.120887,5,216.155501
50.932457,6,216.273964
49.814165,5,216.502576
49.961348,5,216.667037
50.939656,6,216.782437
50.401665,5,216.875186
52.008537,6,217.079018
50.755815,5,217.347888
50.396637,5,217.452536
51.524236,7,217.686382
51.646367,7,217.91491
52.806898,6,218.11723
51.080215,5,218.349081
49.863743,5,218.591018
50.318166,5,218.694961
50.505517,5,218.77925
51.356923,7,219.007154
50.170519,5,219.205034
50.31777,5,219.325672
52.704511,6,219.522304
52.876125,6,219.715368
50.475964,5,219.796044
52.713276,6,219.9267
49.871713,5,220.109229
50.026222,5,220.194546
51.240222,6,220.326427
51.905276,6,220.462601
51.474843,7,220.620971
51.525224,7,220.760138
50.05533,5,221.034827
52.035439,6,221.2518
51.1681,6,221.387578
51.426214,7,221.620219
50.893685,6,221.739709
51.876433,6,221.882706
51.23058,6,222.133975
50.312748,5,222.367222
51.370558,6,222.506602
51.562214,7,222.697321
50.257035,5,222.850787
49.92702,5,222.954126
52.918723,6,223.072145
50.37472,5,223.344508
51.94637,6,223.481186
50.105875,5,223.754577
49.845558,5,224.014948
51.595687,6,224.144639
50.814731,7,224.40425
53.036211,6,224.539564
50.908059,6,224.651673
50.97354,6,224.738497
52.782028,6,224.868098
50.923986,6,224.989629
50.055981,5,225.14807
50.903486,6,225.266168
51.388046,7,225.407512
49.933949,5,225.509362
51.174177,6,225.678267
51.320773,6,225.812885
51.111088,7,226.044218
51.258924,6,226.179317
51.199925,7,226.300318
49.956309,5,226.465557
49.899081,5,226.619378
51.65302,7,226.849429
50.854805,5,227.120155
49.975291,5,227.354061
49.957263,5,227.543281
50.888019,6,227.657483
51.714507,5,227.947382
51.146459,7,228.183688
51.143982,7,228.431749
-13.703196,5,228.572958
50.030601,5,228.674655
49.885161,5,228.76283
50.917788,6,228.87651
50.919309,6,228.994682
51.562804,7,229.126842
49.859761,5,229.222476
50.30105,5,229.327148
51.451283,5,229.574486
51.196298,6,229.716191
50.201633,5,229.799912
-13.461314,5,229.927241
51.433589,7,230.148714
50.014387,5,230.421746
50.946339,6,230.540011
51.317538,7,230.771899
49.855972,5,230.965632
51.216222,5,231.201929
50.664622,5,231.369665
51.13852,6,231.496786
50.005355,5,231.727214
50.097355,5,231.814114
50.730764,7,231.957351
50.969224,6,232.047005
51.86044,6,232.247772
50.911075,7,232.394719
49.959282,5,232.603911
52.960449,6,232.808256
49.957832,5,232.9009
50.901529,6,233.015744
50.196359,5,233.178751
52.867718,6,233.387926
52.940895,6,233.521995
51.851355,6,233.655186
50.917959,6,233.766757
49.916215,5,233.928818
50.26868,5,234.0953
49.810999,5,234.328665
50.515138,5,234.419791
50.14501,5,234.507908
49.927976,5,234.649601
50.209629,5,234.876085
50.544659,5,235.093652
51.10736,7,235.236565
50.93152,6,235.354546
50.943191,6,235.478121
50.326124,5,235.653418
50.926326,6,235.776517
51.20133,7,235.902542
49.760209,5,235.990205
50.885591,6,236.105731
49.83131,5,236.209524
51.655392,6,236.350617
51.128545,7,236.591122
50.932059,6,236.70259
50.936227,6,236.82479
50.981971,6,236.938704
51.538552,7,237.114695
51.555084,7,237.247868
50.225673,5,237.48502
51.282222,6,237.617623
51.192848,6,237.748942
51.723303,6,237.953656
51.76371,6,238.168343
49.931912,5,238.265062
51.102446,7,238.4038
49.845264,5,238.578429
51.765779,6,238.792303
52.813115,6,238.991823
50.134662,5,239.076904
49.817607,5,239.184729
51.688504,7,239.416162
50.156578,5,239.519823
50.885575,6,239.632852
51.442845,6,239.840724
49.880306,5,239.993772
50.99014,6,240.080233
51.560037,6,240.291921
50.921205,6,240.403076
51.346736,7,240.537096
50.781977,7,240.764721
52.857408,6,240.967759
51.611919,6,241.177821
50.916782,6,241.288039
50.561894,5,241.395334
51.461342,7,241.535494
51.706297,6,241.672384
51.187822,6,241.800325
49.970119,5,242.031487
49.951607,5,242.135626
50.886592,7,242.26629
50.984906,6,242.389604
51.519801,6,242.600018
51.193712,7,242.736282
51.079489,7,242.968873
50.86658,7,243.211457
51.161984,7,243.337869
50.934301,6,243.449096
50.950275,6,243.569832
50.548717,7,243.825625
51.687419,7,244.055704
50.964502,6,244.144779
49.89953,5,244.302431
49.828587,5,244.523126
50.929406,6,244.647269
51.558486,6,244.783366
49.826675,5,244.8734
51.624075,7,245.10797
51.036975,7,245.350367
50.257105,5,245.455837
49.825152,5,245.575109
49.891501,5,245.799989
51.705285,6,246.0067
51.090776,7,246.238591
50.775758,7,246.505321
49.844844,5,246.735392
50.319178,5,246.844765
50.969681,6,246.958493
51.543139,7,247.102563
51.123953,6,247.314818
51.559004,6,247.453293
49.946586,5,247.567595
50.796689,7,247.703297
50.305374,5,247.789937
50.289369,5,247.95605
50.152032,5,248.091048
52.60081,6,248.219214
52.948958,6,248.414897
50.544448,5,248.561745
51.698866,6,248.700177
50.940862,6,248.811742
51.615762,6,248.947685
51.328078,7,249.09055
49.809537,5,249.180238
49.979064,5,249.341971
49.847884,5,249.448938
49.808108,5,249.678607
50.43957,5,249.761698
49.821325,5,249.893246
50.75764,7,250.060824
51.195333,7,250.187492
51.175344,6,250.320026
49.814209,5,250.501251
49.834273,5,250.764551
50.058479,5,250.848767
49.812372,5,251.12621
50.71923,7,251.276319
51.44131,7,251.510046
50.807813,7,251.772131
51.959811,6,251.981351
50.356426,5,252.066161
51.99106,6,252.198114
50.91109,6,252.310254
49.825803,5,252.418007
51.051536,6,252.508663
49.856606,5,252.748338
50.732252,7,252.988513
49.864511,5,253.176286
50.001953,5,253.291137
50.143571,5,253.529352
50.907295,6,253.646357
49.944295,5,253.885476
51.458557,6,254.005296
51.057316,7,254.234991
51.903355,6,254.367451
51.44046,6,254.578481
51.834639,6,254.790386
50.176684,5,255.028451
51.287292,6,255.135501
52.874909,6,255.362189
49.368216,5,255.528487
51.579528,6,255.743361
50.745964,7,255.875225
50.949913,6,255.961418
49.808452,5,256.174356
51.589288,7,256.303803
52.248606,6,256.426456
50.87269,6,256.54867
50.915769,6,256.671972
50.129666,5,256.767916
51.48545,6,256.881146
52.628938,6,257.080187
51.757086,6,257.216254
53.059749,6,257.350299
49.938875,5,257.446435
50.9361,6,257.560735
51.664613,7,257.781408
51.474653,7,258.012598
50.371124,5,258.157821
53.002897,6,258.287398
49.82125,5,258.423632
49.846796,5,258.658895
51.700581,6,258.868382
51.634804,6,258.9802
51.109732,6,259.148947
49.936842,5,259.254735
50.073541,5,259.512133
50.907104,6,259.637283
51.828958,6,259.84813
49.933531,5,259.975849
49.866161,5,260.208372
49.919641,5,260.361842
49.971267,5,260.516862
50.085489,5,260.750232
52.870822,6,260.953735
50.487894,7,261.092713
49.934143,5,261.180726
49.813596,5,261.268837
50.906558,6,261.38075
49.924432,5,261.606411
52.920448,6,261.801208
51.450508,6,262.010206
53.092522,6,262.20856
50.904533,6,262.317988
50.001954,5,262.520376
51.736449,6,262.654596
49.90033,5,262.756781
49.939889,5,262.954003
49.810693,5,263.057297
51.57334,6,263.261734
50.192656,5,263.341595
49.877202,5,263.568539
49.878315,5,263.722244
51.047002,7,263.85892
50.246778,5,263.950248
49.879333,5,264.036241
51.028033,7,264.254176
49.861124,5,264.456952
53.004094,6,264.669268
51.367324,6,264.79165
50.157653,5,265.016167
51.552543,7,265.146667
50.022555,5,265.248418
50.152133,5,265.385647
52.241254,6,265.58837
50.18922,5,265.69205
52.000387,6,265.813293
50.927688,6,265.930891
51.45506,6,266.0407
49.992519,5,266.142057
51.599534,7,266.28249
49.802268,5,266.438376
50.927152,6,266.555041
51.98672,6,266.753726
49.790074,5,266.972063
51.376829,7,267.105059
49.807737,5,267.282732
50.237041,5,267.388834
51.188836,6,267.482492
50.950106,6,267.607233
49.835207,5,267.839092
49.851287,5,267.990502
49.979035,5,268.091646
52.776832,6,268.221836
49.816194,5,268.414788
50.95625,6,268.526414
50.906488,7,268.667267
50.716525,7,268.914102
49.841581,5,269.003227
-14.102511,6,269.340481
49.937586,5,269.516469
51.658716,6,269.652008
52.795238,6,269.864573
50.087222,5,269.968405
52.59164,6,270.089945
51.511463,7,270.222482
50.115309,5,270.470803
50.915396,6,270.5763
51.64786,6,270.77941
49.788224,5,271.00729
50.065897,5,271.114989
51.356785,6,271.319387
49.969066,5,271.47475
51.492012,7,271.701612
50.768284,7,271.842705
50.933017,6,271.953995
50.934218,6,272.070987
50.946679,6,272.190863
50.201066,5,272.274075
52.984031,6,272.385321
49.819648,5,272.616114
51.118169,7,272.756832
51.034612,6,272.879019
50.138009,5,272.981846
49.836024,5,273.093005
49.826026,5,273.321782
51.609011,6,273.455113
50.938568,6,273.541471
51.540092,7,273.679185
49.960242,5,273.767769
50.945041,6,273.889242
50.740088,7,274.147306
50.074542,5,274.382819
51.248709,6,274.590961
52.914467,6,274.787941
51.029202,7,274.930002
51.289517,6,275.062877
51.771145,6,275.266629
50.014785,5,275.38298
51.509808,7,275.609545
50.926662,6,275.72871
49.98974,5,275.926825
50.910118,6,276.047995
50.19938,5,276.15218
50.965097,6,276.276333
49.977317,5,276.386242
51.277187,6,276.595011
49.861601,5,276.82458
51.176296,7,276.968835
49.929514,5,277.131886
49.836801,5,277.285816
49.845244,5,277.459894
51.586546,6,277.578607
49.987288,5,277.684839
49.984428,5,277.780957
50.930555,7,277.917515
51.559548,7,278.058229
49.840741,5,278.209468
49.888899,5,278.309633
51.76622,6,278.521715
51.201778,7,278.65607
49.888513,5,278.901914
50.34359,5,279.094595
50.899194,6,279.205341
52.966473,6,279.407249
50.923849,6,279.517972
52.866489,6,279.693143
50.940384,6,279.81783
51.765623,6,279.95477
50.325943,5,280.193213
50.323866,5,280.39913
52.830898,6,280.534822
50.260449,5,280.637675
49.84331,5,280.869779
53.022382,6,281.062031
49.909083,5,281.180858
51.541029,7,281.319569
50.597403,5,281.410961
49.829695,5,281.571765
51.72951,6,281.787874
51.545321,6,281.89842
51.105307,7,282.02755
51.494184,7,282.16743
49.813874,5,282.312056
50.754616,7,282.547127
51.311631,6,282.669809
50.041032,5,282.75796
50.790717,7,282.994352
49.866536,5,283.225124
49.870185,5,283.453422
51.013095,6,283.578087
51.403395,7,283.798618
53.138054,6,284.002412
52.042518,6,284.215878
50.073635,5,284.305396
49.899193,5,284.565736
50.9024,6,284.676378
52.993185,6,284.797264
51.557604,7,285.0229
50.165968,5,285.105119
49.905771,5,285.201255
51.235725,6,285.4076
50.725837,5,285.66687
49.853569,5,285.814749
49.946288,5,285.919383
51.827446,6,286.134684
52.711141,6,286.334918
50.926642,6,286.448067
49.835062,5,286.596741
50.84017,7,286.73845
51.782248,6,286.940192
49.829685,5,287.049346
50.694779,7,287.180026
50.134308,5,287.411807
50.279386,5,287.577045
52.215584,6,287.699225
51.466913,6,287.832006
50.234543,5,287.941046
50.934566,6,288.052192
50.017757,5,288.215894
49.850215,5,288.488497
52.897516,6,288.676787
50.978767,6,288.801676
50.936123,6,288.887692
52.352955,6,289.082854
50.851902,7,289.311661
50.091749,5,289.421317
51.514723,6,289.636199
50.781788,7,289.871028
51.251312,6,289.975848
51.622546,6,290.179593
51.383262,7,290.313915
49.899208,5,290.541269
51.544514,7,290.68295
50.663391,7,290.824657
50.736627,7,291.077027
51.523567,6,291.210353
50.91145,6,291.297496
50.782692,7,291.525344
49.912669,5,291.750277
52.196024,6,291.902027
50.966047,6,291.988645
53.143297,6,292.187908
51.590968,6,292.324605
51.066884,6,292.438783
51.664904,6,292.576991
50.090418,5,292.681309
49.985678,5,292.834988
51.92348,6,293.044248
52.014576,6,293.252472
50.197875,5,293.488707
51.766452,6,293.599864
52.579949,6,293.726538
50.802021,7,293.959816
52.96794,6,294.154591
51.586382,6,294.294296
50.745158,7,294.527102
-14.071397,6,294.849669
52.47338,6,295.044929
50.745438,5,295.14606
-14.967288,5,295.246712
50.908194,6,295.363368
49.812836,5,295.571594
51.512132,6,295.684781
51.305579,6,295.817604
50.151915,7,296.069889
49.84178,5,296.217054
52.807177,6,296.419796
51.600141,7,296.561988
49.960022,5,296.71516
50.196895,5,296.819296
49.856787,5,296.968519
51.493332,7,297.110701
50.680834,7,297.250414
50.003872,5,297.408591
51.751178,7,297.635881
50.777074,7,297.774101
49.979588,5,297.999869
53.143871,6,298.133038
49.922302,5,298.262711
49.904399,5,298.406369
49.805457,5,298.588108
52.946586,6,298.775885
50.091909,5,298.864018
50.564509,5,298.970641
51.951266,6,299.182905
50.877289,7,299.430699
52.308129,6,299.637955
50.226693,5,299.742117
51.44711,7,299.87378
51.180867,6,300.000365
51.73829,6,300.202569
51.197857,7,300.433091
51.424426,6,300.566399
49.867459,5,300.789942
49.807506,5,300.88993
49.822888,5,300.98004
50.919435,6,301.095319
50.702825,6,301.303722
50.85963,7,301.441844
49.805277,5,301.589264
51.18953,7,301.725765
50.194638,5,301.836492
50.824899,7,302.07753
49.879776,5,302.309438
51.033053,6,302.439864
50.670636,7,302.699444
51.532057,7,302.931804
51.477149,7,303.186021
49.807616,5,303.41605
49.852707,5,303.650329
51.576965,6,303.786516
52.884868,6,303.930712
49.920468,5,304.031347
50.952521,6,304.159545
49.813253,5,304.269196
50.920352,6,304.38587
50.90159,6,304.471997
49.879022,5,304.633682
51.120813,6,304.836921
52.967853,6,304.960104
51.682188,6,305.097773
51.374852,7,305.329089
50.248751,5,305.432742
49.766945,5,305.675595
50.089133,5,305.76722
53.130722,6,305.887982
49.77014,5,306.033167
49.879154,5,306.15242
51.552451,7,306.411655
50.087214,5,306.500483
49.795759,5,306.660355
49.843778,5,306.89401
50.217819,5,307.13567
51.189989,7,307.278649
50.925166,6,307.401306
51.306977,7,307.541715
49.809798,5,307.726833
49.856094,5,307.867383
53.021648,6,308.062382
49.933012,5,308.293167
51.32797,6,308.428485
50.08765,5,308.539576
51.024264,7,308.687147
51.478655,6,308.900782
50.272617,6,309.02205
50.080939,5,309.119204
50.138329,5,309.207346
49.865602,5,309.315992
49.833712,5,309.535314
49.930105,5,309.702396
52.9483,6,309.836849
51.465123,6,309.962607
49.927738,5,310.075484
50.265693,5,310.187546
51.181618,7,310.337289
51.534806,6,310.465488
51.331038,6,310.679229
49.841826,5,310.909519
50.957422,6,311.025182
49.882825,5,311.194997
50.12846,5,311.291665
49.804444,5,311.540386
50.721895,7,311.678756
49.876869,5,311.814481
49.795675,5,312.021793
49.780575,5,312.137968
51.153612,6,312.351736
53.217036,6,312.480889
50.776087,7,312.744259
50.144176,5,312.862408
51.563711,7,313.047098
50.89119,7,313.286521
50.942317,6,313.373433
50.18413,5,313.46923
49.949748,5,313.58248
50.165338,5,313.675125
50.883292,6,313.789823
50.900519,6,313.915497
49.857374,5,314.085297
51.152793,6,314.294595
50.05628,5,314.384231
51.544906,7,314.522666
49.811186,5,314.711903
50.720805,7,314.85588
51.904253,6,315.065253
51.22019,7,315.198974
50.96214,6,315.326174
50.9192,6,315.436856
50.767585,7,315.70184
52.887682,6,315.832536
52.137193,6,316.03766
51.428323,6,316.171954
50.037045,5,316.403992
52.13583,6,316.529126
52.890704,6,316.67668
50.044768,5,316.905046
50.880223,6,317.017197
49.969273,5,317.106365
50.089015,5,317.330863
50.037758,5,317.603178
49.785244,5,317.832747
51.629464,7,317.973041
49.793877,5,318.202469
49.981615,5,318.311115
50.407954,5,318.39925
50.924148,6,318.517926
51.586584,6,318.73278
49.811932,5,318.927999
52.755957,6,319.142339
49.82587,5,319.332556
52.850889,6,319.572368
50.91345,6,319.685521
51.598775,7,319.82421
50.956934,6,319.937357
49.847305,5,320.034058
51.476939,6,320.156232
50.837989,7,320.284442
51.188222,6,320.419608
51.231989,6,320.585842
49.855867,5,320.690524
49.846198,5,320.840727
51.150924,7,320.968442
51.744628,6,321.178767
51.12671,7,321.329992
51.489176,6,321.458195
49.800053,5,321.625346
51.19227,6,321.846128
50.524628,7,321.983841
51.37912,7,322.21261
49.8472,5,322.324257
51.173244,6,322.493469
51.237949,6,322.5801
50.989007,6,322.668746
49.853193,5,322.903095
51.227456,7,323.037806
52.300423,6,323.24063
51.497195,6,323.354798
52.93365,6,323.478631
49.832338,5,323.724238
49.854313,5,323.845919
49.928482,5,324.073192
50.92715,6,324.185859
52.926998,6,324.314533
51.53099,7,324.449197
49.899447,5,324.608407
50.927653,6,324.728081
51.380108,7,324.95738
52.918244,6,325.083631
51.379903,6,325.214811
49.868404,5,325.326449
49.801623,5,325.435581
51.79088,6,325.635738
51.930477,6,325.843466
50.951931,7,326.06575
49.873774,5,326.218973
50.191368,5,326.309098
50.794914,7,326.546434
51.214079,6,326.677122
51.186081,6,326.809298
49.870884,5,326.96049
51.530456,7,327.185784
52.65295,6,327.393062
50.947903,6,327.505713
52.83811,6,327.626146
50.600854,5,327.708254
51.154391,7,327.838938
52.967092,6,328.036688
50.950289,6,328.152839
49.957621,5,328.306518
51.285625,6,328.434267
50.814304,7,328.56346
51.581674,7,328.698657
49.810219,5,328.927422
51.128135,6,329.051582
53.049191,6,329.249859
51.285206,6,329.45361
49.803105,5,329.606296
50.084167,5,329.695901
49.858854,5,329.791028
50.097619,5,330.031301
49.930445,5,330.258561
50.881247,7,330.49631
49.848176,5,330.649009
51.616204,6,330.858592
50.967873,6,330.977549
52.363385,6,331.093753
50.280245,5,331.198376
49.89115,5,331.311131
51.268628,6,331.514138
52.544202,6,331.710514
51.68275,7,331.888251
50.869389,6,331.997138
49.885242,5,332.117323
51.78463,6,332.327013
49.793587,5,332.521474
50.988231,6,332.615198
50.230807,5,332.700911
50.034066,5,332.780025
50.946797,7,333.017355
50.94738,6,333.140798
50.691107,7,333.376437
51.276268,7,333.509628
50.23816,5,333.601709
52.888972,6,333.808983
50.929913,6,333.923301
49.858387,5,334.169613
49.990677,5,334.278269
49.869858,5,334.513482
50.929558,6,334.643365
50.793208,7,334.903644
52.335637,6,335.102377
50.090647,5,335.387867
50.808104,7,335.528089
49.913148,5,335.683879
51.460497,7,335.824156
50.47926,5,335.906289
49.873229,5,336.020934
49.950106,5,336.127856
53.021266,6,336.339094
50.975636,6,336.452741
50.037897,5,336.706326
52.637287,6,336.90063
51.571849,7,337.035857
51.366677,7,337.176562
52.881009,6,337.401006
50.89846,6,337.524821
51.25862,7,337.775793
50.933428,6,337.888007
50.10795,5,337.971617
52.511142,6,338.167475
49.961696,5,338.259604
50.615025,5,338.435854
49.844666,5,338.584022
50.916359,6,338.700374
51.062685,6,338.813763
51.493573,6,339.025898
52.919213,6,339.14642
49.822538,5,339.375078
51.576021,6,339.575538
51.523633,7,339.752422
49.837872,5,339.899086
49.939127,5,340.000708
49.825661,5,340.184254
50.849819,7,340.420215
52.188326,6,340.609992
50.972956,7,340.834825
49.816311,5,340.971789
50.92794,6,341.086814
49.857047,5,341.186665
51.027722,7,341.420429
49.836808,5,341.507524
49.934593,5,341.613616
51.713096,7,341.852678
49.836971,5,342.00997
49.870382,5,342.161534
49.88275,5,342.320489
49.841826,5,342.484967
50.161196,5,342.577628
51.437533,6,342.694408
51.123982,7,342.838566
51.480925,7,342.969256
51.896668,6,343.175601
52.7719,6,343.356337
51.192243,6,343.483008
51.425927,6,343.618705
49.847505,5,343.770009
49.818716,5,343.915207
51.347909,6,344.0849
51.153997,7,344.220606
51.359224,7,344.450851
52.162979,6,344.714875
51.933846,6,344.911838
52.58295,6,345.125133
51.096095,7,345.35937
49.893793,5,345.507046
51.071367,6,345.593188
50.920469,7,345.821166
50.947316,6,345.932801
50.20573,5,346.083453
51.458862,7,346.312693
49.878971,5,346.435342
52.821398,6,346.637066
50.075277,5,346.894361
51.852142,6,347.030035
52.90899,6,347.156232
49.842505,5,347.393782
49.867831,5,347.542003
52.904231,6,347.682671
50.908796,6,347.805331
52.240185,6,347.924488
50.902319,6,348.03463
49.797539,5,348.271402
53.105127,6,348.397061
50.923567,6,348.515393
50.098617,5,348.613025
50.902498,6,348.722719
51.392904,7,348.952951
50.269563,5,349.044087
50.781946,7,349.175801
49.255354,5,349.400203
51.690503,6,349.613008
49.914929,5,349.811252
51.539076,6,350.014746
51.038556,7,350.243067
50.160961,5,350.39359
50.923135,6,350.515729
51.645068,6,350.650361
51.244504,7,350.781074
49.810515,5,350.939826
51.367585,6,351.10561
50.950101,6,351.225549
50.845334,7,351.355519
50.782292,7,351.483444
50.390705,5,351.56352
50.926375,6,351.680891
50.945383,6,351.803015
49.923853,5,352.0374
49.925217,5,352.299744
49.96244,5,352.57686
49.867435,5,352.72622
50.934141,6,352.836819
51.525632,7,352.968699
50.928286,6,353.0859
51.484404,7,353.219533
50.942187,6,353.336765
51.074518,6,353.455472
49.821022,5,353.600584
49.814646,5,353.750267
52.989744,6,353.87344
52.858015,6,354.089684
49.809566,5,354.252882
50.941695,6,354.3766
50.88341,7,354.515306
49.121549,5,354.704994
50.090545,5,354.792116
49.864559,5,354.941297
49.859996,5,355.180946
52.146312,6,355.311764
51.571389,6,355.516096
51.735651,6,355.728898
50.8874,7,355.86608
50.91322,6,355.982822
50.927496,6,356.099833
49.850182,5,356.325178
49.878025,5,356.485339
51.233856,7,356.609482
50.76255,7,356.838304
50.208408,5,356.941557
51.018043,7,357.081314
50.05156,5,357.18344
50.12215,5,357.290046
52.788409,6,357.486158
51.623027,6,357.595225
51.591164,7,357.731315
51.113823,6,357.849474
51.30479,6,357.979659
51.015226,7,358.206264
49.818381,5,358.388476
50.968051,6,358.508815
50.890273,7,358.765697
51.532238,6,358.900902
50.822624,7,359.043616
51.501859,7,359.176489
51.369985,6,359.346706
49.950939,5,359.593523
51.57457,6,359.759865
49.864488,5,359.875475
49.872096,5,359.984262
51.913727,6,360.117596
50.939061,6,360.232676
51.116903,7,360.364944
52.831666,6,360.5598
49.821464,5,360.657529
51.498024,7,360.791134
50.137369,5,360.894648
50.689609,7,361.035331
49.937548,5,361.306516
50.736143,7,361.545521
49.861681,5,361.695713
51.4398,6,361.907732
50.151461,5,362.010351
51.224865,6,362.230057
50.12276,5,362.332857
50.734704,7,362.56012
51.606965,6,362.696863
52.223687,6,362.815513
50.04023,5,363.023315
52.90751,6,363.142035
50.826812,7,363.285236
49.864297,5,363.439411
52.377157,6,363.570099
50.133934,5,363.669272
49.914598,5,363.786455
50.906808,6,363.897624
49.909196,5,364.061315
51.584069,7,364.200519
50.910244,7,364.334263
50.949687,6,364.450898
49.87042,5,364.556571
49.868604,5,364.656203
49.808902,5,364.808897
50.093664,5,365.083825
52.937198,6,365.199818
50.949072,6,365.283408
49.902433,5,365.379512
52.755474,6,365.500545
50.211308,5,365.611735
52.734777,6,365.743905
49.833046,5,365.884191
49.917843,5,366.039811
50.028429,5,366.190428
50.913051,6,366.299406
50.916606,6,366.41334
50.001312,5,366.629978
51.11916,6,366.746383
49.795172,5,366.908871
49.898348,5,367.060353
49.891876,5,367.217626
50.930147,6,367.303271
49.870212,5,367.464236
49.877488,5,367.613944
51.445606,7,367.841341
49.941588,5,368.074802
51.668812,7,368.208079
49.842896,5,368.34777
50.900364,6,368.457628
50.919856,6,368.579286
51.199041,7,368.704777
51.465682,6,368.835226
51.337398,6,368.962406
50.933661,6,369.084002
50.744281,7,369.218014
49.923901,5,369.457802
51.618604,7,369.685575
50.982167,6,369.770833
53.100206,6,369.898761
49.898728,5,370.011781
52.873849,6,370.207897
50.238379,5,370.302055
51.989511,6,370.432649
51.186341,7,370.669722
52.239091,6,370.790383
50.123741,5,371.005599
49.845996,5,371.212681
49.870504,5,371.440267
51.22811,6,371.648142
51.429263,7,371.787133
50.962921,7,371.920527
52.958306,6,372.106237
50.885023,6,372.21974
51.608543,6,372.42484
51.729389,6,372.634036
49.780773,5,372.863291
50.883958,6,372.987462
50.872541,7,373.236753
51.676452,6,373.371446
50.16897,5,373.522416
49.922609,5,373.737522
49.9544,5,373.896367
52.875134,6,374.131241
51.433772,6,374.26638
51.032947,7,374.509305
50.939063,6,374.630525
49.936101,5,374.779224
50.100837,5,374.960928
52.549909,6,375.083716
50.744231,7,375.218923
49.926333,5,375.339593
50.909064,7,375.47261
52.822134,6,375.597388
49.82745,5,375.752615
50.914512,6,375.862722
51.726113,6,376.067448
50.92298,6,376.182542
50.175771,5,376.287801
51.096787,7,376.541377
50.09755,5,376.634295
50.887908,7,376.770061
49.942463,5,376.922192
49.966196,5,377.105609
50.457065,5,377.19484
49.884924,5,377.41731
50.940401,6,377.53992
49.813878,5,377.628874
51.326544,6,377.759245
51.23432,6,377.891696
51.654944,7,378.113452
51.557412,6,378.225579
49.809778,5,378.333457
51.210013,7,378.560592
51.806148,6,378.767534
52.932977,6,378.907238
50.03074,5,379.005749
50.938192,6,379.122851
50.162778,5,379.226447
51.349286,6,379.33672
51.54673,6,379.470361
50.948475,6,379.58782
49.983822,5,379.70195
49.984018,5,379.865329
51.001837,6,379.987438
50.049547,5,380.08923
50.043776,5,380.182852
50.86527,6,380.299301
51.422345,6,380.422145
50.122731,5,380.658061
49.812608,5,380.803911
50.921134,6,380.918779
51.145863,7,381.158807
51.149979,6,381.252512
51.50473,6,381.39666
50.926208,7,381.533539
49.805048,5,381.720727
49.902952,5,381.874797
49.969219,5,382.104576
50.969069,6,382.241131
49.90463,5,382.357779
50.09307,5,382.589352
50.329454,5,382.68446
50.943446,7,382.924576
50.23014,5,383.02907
49.83272,5,383.119949
50.044399,5,383.270438
52.986245,6,383.448335
51.596985,6,383.566595
51.027549,6,383.654897
50.225415,5,383.745099
50.138257,5,383.859885
52.587184,6,383.989065
49.928665,5,384.098316
52.927117,6,384.295334
50.797205,7,384.538881
51.719544,6,384.748938
49.957982,5,384.975742
50.936474,6,385.101402
49.840803,5,385.251786
49.818726,5,385.421621
51.839511,6,385.628483
50.930691,6,385.742691
49.873653,5,385.893642
51.665076,7,386.109951
49.882866,5,386.262318
49.847855,5,386.413569
50.936867,6,386.533239
52.4495,6,386.732487
51.504342,6,386.858181
49.880437,5,387.097997
50.88681,6,387.208147
52.00275,6,387.419913
51.436625,6,387.541585
51.678929,6,387.677273
49.842739,5,387.786949
52.544076,6,387.913643
51.624853,7,388.04783
50.936619,6,388.169477
49.81878,5,388.317662
49.830382,5,388.544947
49.95133,5,388.636586
52.95939,6,388.839321
53.050984,6,388.968007
-14.119952,6,389.311878
50.150699,5,389.403524
50.803672,7,389.648294
50.121737,5,389.878047
51.071445,6,389.965196
52.264334,6,390.083335
51.508281,7,390.218025
50.039191,5,390.398765
51.483071,6,390.534983
51.139128,7,390.672723
51.374558,6,390.797902
51.226363,7,390.939808
51.598243,6,391.050595
49.845623,5,391.275409
50.829391,7,391.505722
50.938489,6,391.620298
50.951816,6,391.738183
51.59626,6,391.872325
49.915961,5,392.11415
49.831792,5,392.266868
50.035284,5,392.360037
49.836708,5,392.57287
50.592355,7,392.828787
50.671062,7,392.962945
50.927294,6,393.08047
49.855131,5,393.239689
49.80295,5,393.468125
51.204086,7,393.700609
51.661649,6,393.90313
50.950652,6,394.021289
50.021241,5,394.188342
50.941577,6,394.308371
50.150439,5,394.419711
49.883535,5,394.573857
50.686348,7,394.830385
52.804027,6,395.03782
50.055465,5,395.126208
50.152384,5,395.351093
53.012894,6,395.550341
51.044955,6,395.674131
51.487772,7,395.900511
49.84599,5,396.127228
51.340678,7,396.264481
50.09488,5,396.367327
50.916605,6,396.488014
51.393118,7,396.627433
49.993617,5,396.85227
52.877078,6,396.994747
50.128036,5,397.149143
51.556454,6,397.273261
50.115249,5,397.383909
51.399651,6,397.599383
50.921133,6,397.710004
53.080597,6,397.830338
53.207074,6,398.066149
50.202511,5,398.346341
50.200305,5,398.453121
51.060939,7,398.587385
50.909513,6,398.698782
50.882462,6,398.821401
51.433782,7,398.968338
50.383946,5,399.079731
-14.094056,5,399.208837
52.314727,6,399.409141
51.153548,6,399.539086
49.836117,5,399.762535
52.889196,6,399.964784
50.920239,6,400.105284
53.028759,6,400.240966
50.332568,5,400.328697
51.2812,6,400.537459
50.926735,6,400.658748
51.010895,7,400.890064
51.232873,7,401.032961
50.919838,6,401.156012
50.896197,6,401.284281
50.951046,6,401.409484
50.141934,5,401.624348
49.78693,5,401.776182
52.943357,6,401.91538
50.033185,5,402.135217
51.053755,6,402.26045
50.517087,5,402.452954
50.046264,5,402.666479
50.948667,6,402.789398
49.866392,5,402.93947
49.84651,5,403.08525
51.448288,6,403.294559
52.918083,6,403.40924
49.904347,5,403.563
51.726232,7,403.6992
49.9634,5,403.851393
50.933991,6,403.961235
50.925033,6,404.078955
49.868005,5,404.241654
50.927329,6,404.351825
50.876854,7,404.487648
50.391387,5,404.567755
52.826528,6,404.77581
50.91241,6,404.886463
51.485607,7,405.021112
51.213138,7,405.259837
50.695529,7,405.519541
51.552733,7,405.655228
50.910845,6,405.774409
50.9152,6,405.898968
50.44947,5,405.98613
50.96672,6,406.101785
52.887004,6,406.231501
51.415698,7,406.36673
51.204306,6,406.53902
50.100102,5,406.656188
49.806131,5,406.862931
49.853145,5,407.094728
51.45318,6,407.228911
51.786448,7,407.45534
50.661132,5,407.54592
51.497975,7,407.779701
50.887653,7,407.909911
52.952414,6,408.026589
51.256392,7,408.165799
49.985169,5,408.439115
49.80417,5,408.590798
51.129433,7,408.8196
51.680574,6,408.937262
49.801574,5,409.087472
49.971247,5,409.238687
50.942289,6,409.350339
50.076523,5,409.518589
51.055951,6,409.644771
51.025191,6,409.778459
52.909323,6,409.977225
51.53159,7,410.164477
49.844374,5,410.312164
50.913712,6,410.430336
50.195968,5,410.537516
50.852869,7,410.761809
53.041018,6,410.877007
50.687727,7,411.0207
51.6127,7,411.1624
50.942288,6,411.273074
51.222323,7,411.400279
49.822932,5,411.582999
51.277023,6,411.704451
51.286081,6,411.834696
50.190638,5,411.936636
51.327058,7,412.167168
51.494007,6,412.299747
50.966555,6,412.421193
51.23571,6,412.533369
51.313282,6,412.664884
50.903474,6,412.783075
51.09012,6,412.915773
51.207092,7,413.145033
52.415128,6,413.34328
52.926853,6,413.556111
50.95911,6,413.678792
51.299272,6,413.794964
49.796278,5,413.956134
49.884229,5,414.065269
50.823363,7,414.308106
49.889708,5,414.547946
51.62486,6,414.65959
49.855315,5,414.811288
50.999909,6,414.979027
50.924622,6,415.092687
50.081305,5,415.173311
49.981883,5,415.277501
50.150602,5,415.366315
49.956056,5,415.518993
50.460704,5,415.78692
51.13467,6,415.921529
51.015002,7,416.056721
49.927022,5,416.211936
52.946872,6,416.346107
49.934058,5,416.508327
49.859543,5,416.658021
51.038494,6,416.781215
51.464789,7,416.916919
51.628452,6,417.053111
49.863454,5,417.292391
52.998098,6,417.487143
51.120002,7,417.629836
53.053885,6,417.8376
52.881204,6,417.967805
52.691061,6,418.101501
49.797824,5,418.190634
50.689023,7,418.333844
50.0147,5,418.500056
50.169477,5,418.605725
50.061331,5,418.710377
50.0807,5,418.808034
50.821841,7,419.069841
51.261403,6,419.202533
49.999032,5,419.427737
51.088989,7,419.558878
51.595846,6,419.765903
50.921901,6,419.882872
51.395151,7,420.013505
51.053349,6,420.148326
53.031385,6,420.341192
49.015632,5,420.489012
52.765685,6,420.610579
50.937575,6,420.719633
51.073102,6,420.83743
51.606813,7,421.062547
49.852367,5,421.298451
51.784692,6,421.508979
51.0544,7,421.641425
49.928559,5,421.87936
50.930356,6,421.989089
51.722759,7,422.118025
50.206001,5,422.304049
50.934737,6,422.413153
51.793274,7,422.54532
50.279833,5,422.764822
49.795038,5,422.944082
50.081895,5,423.108107
51.650243,6,423.324907
49.920547,5,423.439734
50.92615,6,423.54768
49.878053,5,423.695462
50.807412,7,423.918962
51.378427,6,424.049299
49.924002,5,424.225288
50.768322,7,424.362857
50.928265,6,424.474158
49.833575,5,424.615364
49.864799,5,424.843445
49.808007,5,425.001898
52.388753,6,425.198215
51.075026,6,425.331573
50.145737,5,425.434708
51.521539,6,425.550208
50.838508,6,425.66394
50.917684,7,425.89685
49.852656,5,426.133872
49.833899,5,426.371265
51.072825,7,426.607549
51.065056,6,426.739204
49.81017,5,426.974104
49.849494,5,427.080202
49.808823,5,427.317267
51.382984,6,427.432963
51.179771,6,427.533632
51.193379,6,427.618766
49.83111,5,427.766118
49.905946,5,427.998132
51.591942,6,428.115017
50.934627,6,428.239128
52.179666,6,428.363335
50.792189,7,428.597483
51.204704,6,428.684233
49.892189,5,428.776371
50.731944,6,428.906694
51.555226,6,429.018084
50.005253,5,429.247445
49.805013,5,429.465281
49.88388,5,429.612722
50.280173,5,429.727013
50.871803,6,429.841693
50.90334,6,429.960124
50.284325,5,430.199448
52.798457,6,430.32916
52.932616,6,430.46086
51.010737,6,430.550022
50.508327,7,430.789879
50.911991,6,430.912098
51.445962,7,431.156101
52.364813,6,431.355989
49.80176,5,431.560779
51.102529,6,431.731636
50.111621,5,431.81962
50.884935,7,431.96509
51.492184,6,432.097244
49.867324,5,432.20435
49.867113,5,432.353317
49.893403,5,432.463585
49.824744,5,432.651337
53.148908,6,432.785629
51.515446,6,432.994852
49.908109,5,433.108466
50.959128,6,433.233696
50.539688,7,433.465487
50.775123,7,433.609183
51.397636,6,433.719021
53.079468,6,433.84978
52.765335,6,434.04842
50.793402,7,434.281406
52.959336,6,434.492003
49.858771,5,434.657495
50.655405,7,434.886538
49.859768,5,435.033029
50.874108,7,435.256328
51.087847,6,435.342407
50.101346,5,435.453264
51.335197,7,435.584159
50.967806,6,435.705745
50.0058,5,435.781995
49.985036,5,435.883895
51.183957,7,436.017556
49.798649,5,436.171231
49.938774,5,436.334068
50.953107,6,436.456254
51.144879,6,436.579936
50.95142,6,436.692116
51.507661,7,436.830827
49.889965,5,436.997061
50.939819,6,437.121244
50.961499,6,437.248934
51.371399,7,437.488235
51.451012,7,437.726547
50.938239,6,437.838717
51.452616,7,437.974907
49.775676,5,438.192219
51.455973,6,438.311635
49.970869,5,438.456809
51.317501,7,438.59735
50.375583,5,438.70343
52.389936,6,438.899276
51.032827,7,439.121135
49.909792,5,439.271854
51.036518,7,439.409096
51.136425,7,439.5438
49.839813,5,439.774046
50.004226,5,439.857199
50.072132,5,439.941312
50.100559,5,440.105207
49.775512,5,440.265357
50.94644,6,440.377244
49.848348,5,440.525586
50.072554,5,440.614342
50.160574,5,440.775079
49.90293,5,440.859678
52.855149,6,440.97884
50.779405,7,441.107726
49.888101,5,441.338507
52.932533,6,441.45511
49.973782,5,441.617034
49.893965,5,441.767858
51.697359,7,442.001523
51.421632,6,442.213003
51.42475,7,442.351518
51.155022,6,442.483485
50.053533,5,442.635602
50.569674,7,442.776881
52.864544,6,442.905191
51.184161,7,443.030636
50.942119,6,443.140437
50.235009,5,443.317621
50.032434,5,443.419363
52.652804,6,443.612274
50.053215,5,443.766223
49.939538,5,443.900022
50.552087,7,444.137496
49.822466,5,444.372897
51.459878,7,444.604318
49.1686,5,444.783991
49.858578,5,445.011897
50.627377,7,445.154165
51.536639,6,445.283006
50.615436,5,445.456588
49.848814,5,445.653724
51.067125,6,445.739341
51.073088,7,445.996571
49.851477,5,446.225328
51.041701,7,446.461973
51.536082,7,446.593917
49.836595,5,446.755601
49.814732,5,446.973071
50.908306,6,447.082004
51.534378,6,447.2884
50.226188,5,447.513799
51.92457,6,447.639545
49.862306,5,447.916282
51.159128,7,448.041439
51.557924,7,448.179129
52.873885,6,448.306929
51.260581,7,448.440135
51.336252,6,448.561502
51.507964,6,448.681336
51.270982,6,448.803471
50.076747,5,448.983589
50.968269,6,449.068344
50.908893,6,449.176455
51.220497,6,449.295858
50.880106,6,449.406701
51.644551,6,449.60986
49.839302,5,449.825591
51.830337,6,450.031277
50.919725,7,450.15989
51.83132,6,450.295423
51.104662,6,450.429806
50.939221,6,450.542353
51.181452,7,450.671712
51.687676,6,450.796254
50.949371,6,450.917918
50.336519,5,451.108242
49.726257,5,451.253457
49.804813,5,451.46427
51.834637,6,451.66205
49.753168,5,451.87444
51.145555,6,452.007274
50.951539,6,452.124266
50.022594,5,452.30769
49.831501,5,452.513605
50.747343,7,452.746072
50.92678,6,452.866281
51.257398,6,453.075752
51.345472,6,453.279894
50.912899,6,453.405603
49.802307,5,453.56759
50.910726,6,453.690784
49.8752,5,453.919569
50.856972,7,454.154271
49.978231,5,454.243401
50.945646,6,454.363566
49.975311,5,454.603873
49.950781,5,454.702514
50.923366,6,454.826814
50.616579,7,455.062634
50.96397,6,455.188808
50.199969,5,455.341754
49.869816,5,455.537155
50.927888,6,455.65642
50.567984,7,455.906113
51.082215,6,456.0354
51.139827,6,456.136375
50.926826,6,456.26416
51.661077,6,456.472453
51.479897,6,456.591835
51.309364,6,456.725364
50.980843,6,456.839509
49.849411,5,456.997734
51.840292,7,457.229877
49.789587,5,457.419297
50.671567,7,457.683181
51.562704,7,457.917984
51.603844,6,458.135798
49.812892,5,458.327591
49.830476,5,458.441749
50.934242,6,458.570445
52.782382,6,458.730169
51.060328,6,458.823332
50.084882,5,458.935502
50.064891,5,459.10572
52.2032,6,459.315996
49.943051,5,459.429161
51.206882,7,459.567373
53.07896,6,459.687172
50.971669,7,459.920963
51.864233,6,460.058685
50.938674,6,460.184893
52.022746,6,460.393669
50.319687,5,460.4723
51.49073,6,460.591981
50.930404,6,460.711647
51.053153,7,460.961501
50.665997,7,461.228364
53.021489,6,461.368593
50.659365,5,461.530835
50.907824,6,461.644677
50.024275,5,461.879591
51.366368,7,462.022298
49.984256,5,462.115952
50.029936,5,462.348271
49.830279,5,462.583567
50.906546,6,462.69774
50.925341,6,462.815915
53.014173,6,463.001634
51.801592,7,463.244064
50.466174,5,463.463344
49.909492,5,463.698128
51.197654,7,463.842856
49.752932,5,464.01281
49.972701,5,464.117884
50.889107,6,464.227601
50.483068,5,464.369612
50.92734,6,464.495643
50.44383,5,464.680882
50.971821,6,464.816083
49.801483,5,465.10567
51.458862,6,465.318948
49.84245,5,465.474145
50.846231,7,465.619861
51.382913,7,465.752558
51.572581,7,465.993108
49.988487,5,466.187842
53.071666,6,466.379081
50.526604,5,466.529265
53.01714,6,466.764626
53.004955,6,466.962872
51.115055,7,467.248772
53.044901,6,467.451512
50.472825,5,467.651258
51.539425,6,467.777943
51.671774,7,468.004235
49.839495,5,468.158442
50.967121,6,468.274172
50.606242,7,468.418152
51.374698,7,468.676134
50.248886,5,468.869406
51.383737,7,469.104083
50.714209,7,469.24115
50.653934,7,469.388568
51.156497,7,469.633028
50.539996,7,469.871748
49.8283,5,470.025995
50.977374,6,470.137046
51.01104,6,470.260376
52.947731,6,470.491767
49.993926,5,470.593477
49.932591,5,470.758182
49.871386,5,470.924395
50.773031,7,471.178311
51.661707,6,471.315031
49.808947,5,471.537869
50.905211,6,471.656077
52.948896,6,471.844175
51.731449,6,471.982398
49.847641,5,472.134119
50.082404,5,472.239281
51.78672,6,472.376459
52.923595,6,472.566392
51.067933,6,472.690258
50.928982,7,472.916474
50.967757,6,473.0372
50.937653,6,473.15834
50.954309,6,473.282045
50.949639,6,473.415292
50.993642,6,473.547464
49.898463,5,473.779078
50.873717,7,473.946919
50.500338,5,474.096393
51.097771,7,474.22387
52.667752,6,474.417606
50.912146,6,474.527523
50.058606,5,474.611234
50.922832,6,474.719383
50.953329,6,474.840886
50.932828,6,474.963621
51.228583,6,475.081255
51.409887,7,475.219423
51.099204,6,475.304182
50.997458,6,475.424498
50.238053,5,475.536622
52.636637,6,475.733305
51.956036,6,475.93751
49.855663,5,476.087372
50.972742,6,476.198278
49.939483,5,476.359682
49.813646,5,476.520013
50.647891,5,476.731268
50.674276,7,476.967087
51.671216,6,477.175506
51.17541,7,477.31503
52.88429,6,477.507511
49.922338,5,477.596153
52.799657,6,477.726857
50.978754,6,477.813505
50.300322,5,477.980812
50.038777,5,478.212106
51.388386,7,478.438885
50.870126,7,478.578694
49.850486,5,478.690358
50.950116,6,478.811531
51.047965,7,479.038839
49.882479,5,479.143463
49.886556,5,479.371287
51.444681,7,479.512014
49.899762,5,479.7423
51.734479,7,479.97213
50.934808,6,480.090296
50.116117,5,480.330079
51.901023,6,480.532825
52.198749,6,480.738106
50.751082,7,480.969905
52.898778,6,481.165142
50.040932,5,481.391935
51.116414,7,481.635494
51.909093,6,481.84741
51.047163,6,481.982514
50.387409,5,482.073654
49.816622,5,482.261879
50.91071,6,482.378056
50.87912,6,482.496228
49.909459,5,482.589378
49.800147,5,482.805621
50.116389,5,482.903275
49.882419,5,483.143086
50.937152,6,483.253777
51.22654,7,483.378981
50.868451,6,483.583744
49.94329,5,483.82054
50.584319,7,484.04984
49.801858,5,484.197528
50.109544,5,484.358222
51.404729,7,484.49192
50.943862,6,484.615537
49.790823,5,484.7247
50.429078,5,484.894427
51.002368,6,485.010099
50.56393,5,485.174316
52.725512,6,485.307519
51.170932,6,485.430701
51.419569,7,485.66502
49.893677,5,485.90878
52.973973,6,486.027928
50.944855,6,486.151609
50.906842,6,486.269154
50.967094,6,486.393005
50.200321,5,486.504787
49.79696,5,486.667132
50.909938,6,486.781461
50.402742,5,487.029619
50.647266,7,487.174697
51.703924,6,487.385136
51.100862,7,487.636625
52.847097,6,487.838463
50.088215,5,487.919734
52.581459,6,488.03691
50.128709,5,488.146513
50.024193,5,488.379642
50.030597,5,488.560555
50.892681,6,488.684008
49.834792,5,488.917628
50.13783,5,489.084347
50.925044,6,489.209176
50.102774,5,489.396541
50.460215,5,489.587362
49.79031,5,489.736564
50.860314,7,489.875695
49.864122,5,490.100419
51.383447,7,490.322844
50.913618,6,490.446453
50.462728,5,490.689466
51.670009,6,490.824183
51.168104,7,491.053692
49.867016,5,491.208841
53.106641,6,491.431402
51.363091,6,491.542815
50.093518,5,491.776502
49.888774,5,491.923862
51.463294,7,492.147618
50.975871,6,492.257756
50.046031,5,492.417866
51.355953,6,492.533185
50.042359,5,492.621903
51.135952,6,492.708247
52.035869,6,492.830017
50.326414,5,492.947146
52.535933,6,493.143145
50.445103,7,493.282805
51.381985,6,493.414432
52.90904,6,493.546673
49.936959,5,493.657508
51.11933,6,493.782765
51.151903,6,493.908746
52.635713,6,494.026933
49.795947,5,494.25296
49.807313,5,494.479508
50.577128,5,494.64094
51.416426,6,494.845914
49.779765,5,494.933557
51.342881,7,495.160216
50.444067,5,495.398492
49.830924,5,495.48715
51.812126,7,495.614751
50.8661,7,495.763569
51.321226,7,496.016997
50.951959,6,496.140217
50.221597,5,496.254007
50.990971,7,496.497598
51.760997,6,496.70704
50.283518,5,496.869136
50.996106,6,497.004928
49.814867,5,497.211675
-14.076437,6,497.549534
51.053178,6,497.771087
50.93243,6,497.888143
50.923336,7,498.038957
50.933854,6,498.151849
50.539164,5,498.307389
51.327581,7,498.447593
49.861998,5,498.53922
51.984898,6,498.744505
49.822365,5,498.968824
50.14099,5,499.074984
50.227455,5,499.24411
50.637972,6,499.362289
51.579569,7,499.503519
51.116322,6,499.590245
50.156558,5,499.67897
52.665319,6,499.799643
49.976142,5,499.887995
50.813355,5,500.156897
51.036606,6,500.24353
49.85875,5,500.367653
49.828232,5,500.60096
50.23221,5,500.832728
49.973369,5,501.061015
50.319361,5,501.209713
49.781905,5,501.362913
51.754525,6,501.570194
51.711675,7,501.787982
51.735098,6,501.925291
49.782631,5,502.078508
49.805775,5,502.189671
51.570712,6,502.324841
50.899956,6,502.448443
50.483749,5,502.617655
50.746076,7,502.843389
53.011404,6,502.9768
50.957883,6,503.097747
50.368385,5,503.267961
49.833694,5,503.429091
50.070128,5,503.516729
50.164006,5,503.709979
50.921591,6,503.824659
49.792989,5,504.052449
51.539029,6,504.17482
50.907903,6,504.298534
49.886268,5,504.523794
50.953085,6,504.645992
49.924444,5,504.755659
51.624249,6,504.893836
51.263797,6,505.015017
50.979369,6,505.102183
50.623524,7,505.345218
52.542853,6,505.472404
51.503493,6,505.605641
49.863892,5,505.830845
51.434789,6,506.034048
51.687856,6,506.245576
51.204543,6,506.331025
50.688205,7,506.45974
49.819037,5,506.609222
50.919166,6,506.721431
50.355575,5,506.851654
51.957577,6,506.981036
51.542257,7,507.131805
50.950749,6,507.253476
52.967146,6,507.379935
51.740951,6,507.585213
51.568325,6,507.711339
49.739881,5,507.977948
50.926316,6,508.087211
49.857432,5,508.254952
50.208859,5,508.343941
50.178869,5,508.570474
49.786433,5,508.66936
49.816143,5,508.758048
50.691792,5,508.915192
49.860934,5,509.021794
50.514855,7,509.163272
50.552616,5,509.311305
50.872314,5,509.563881
50.469742,7,509.705249
51.371682,7,509.845271
50.106823,5,509.974209
51.650147,7,510.227541
50.754676,5,510.385231
49.816991,5,510.532911
50.022616,5,510.637205
49.872531,5,510.741911
50.361225,5,510.835068
50.257895,5,510.944234
51.904168,6,511.078411
49.963973,5,511.243118
49.816573,5,511.395825
51.439606,6,511.512013
50.152965,5,511.674729
52.915884,6,511.808932
50.883993,6,511.933068
52.950583,6,512.127316
50.845458,5,512.279509
49.836589,5,512.488285
49.823938,5,512.647478
50.93045,6,512.757122
50.062313,5,512.858671
50.875317,7,512.993625
51.22037,7,513.221908
50.915941,6,513.33073
51.600686,7,513.574966
51.806281,7,513.828192
49.785709,5,514.008728
50.901861,6,514.13156
49.76653,5,514.299003
51.684009,6,514.527364
50.05466,5,514.616444
49.919244,5,514.711582
49.825786,5,514.862261
49.871679,5,515.084426
51.353284,6,515.214374
50.902375,6,515.323842
50.373668,5,515.429065
50.445957,5,515.639163
50.699853,5,515.795254
50.701431,7,515.923033
51.492525,7,516.058564
49.82691,5,516.25335
50.187606,5,516.360488
51.684018,7,516.577325
50.163205,5,516.731653
51.565957,7,516.962444
49.808325,5,517.069681
51.218667,7,517.304363
50.90204,6,517.417503
49.878271,5,517.524159
50.220217,5,517.688382
52.741043,6,517.887132
51.431379,7,518.118934
51.39027,6,518.25464
50.930773,6,518.377825
49.841317,5,518.471471
52.481428,6,518.602172
51.725926,6,518.809991
51.842919,6,519.007727
51.004517,6,519.137391
50.799654,7,519.370678
51.582934,7,519.505923
49.814821,5,519.726196
51.285947,7,519.95551
50.086727,5,520.04515
51.417886,6,520.158849
51.058367,6,520.245
50.946183,6,520.360693
50.980961,7,520.502411
50.983231,6,520.610733
51.521519,7,520.845541
51.971268,7,521.072823
50.132814,5,521.241576
50.007257,5,521.465865
49.838941,5,521.699654
51.249079,7,521.838367
51.728792,7,521.975095
51.588583,7,522.108316
50.930374,6,522.233486
51.573655,6,522.441788
50.79172,7,522.589018
50.058233,5,522.704178
51.065484,6,522.791329
49.973415,5,522.887985
50.237844,5,522.966112
51.767101,7,523.201917
50.303676,5,523.346114
49.845345,5,523.50882
50.948944,6,523.596158
51.918807,6,523.731337
52.873245,6,523.856184
50.947333,6,523.977352
51.742795,6,524.186086
50.815251,7,524.412201
52.989875,6,524.622706
51.695702,7,524.754733
51.123785,6,524.877763
51.119928,6,524.962685
49.806452,5,525.048816
51.488322,6,525.18058
50.957731,6,525.290237
50.969622,6,525.39996
50.841061,7,525.640422
51.518661,7,525.860009
50.474471,5,526.079862
49.776729,5,526.227666
51.259684,7,526.360044
51.946332,6,526.562078
49.832027,5,526.748994
49.849447,5,526.96494
50.566675,5,527.114634
51.297271,6,527.32047
53.107002,6,527.454456
50.324036,5,527.567344
50.139325,5,527.677447
49.876784,5,527.893863
51.620644,7,528.118986
51.718699,6,528.321405
51.346716,6,528.438531
51.277698,6,528.569275
51.691502,7,528.744135
50.917338,6,528.866292
49.862605,5,528.955325
50.92879,6,529.073659
50.46945,5,529.221087
51.497034,6,529.33252
50.303931,5,529.426619
51.417245,6,529.565674
51.065955,7,529.809373
50.912307,7,529.951565
50.925089,6,530.079641
49.848166,5,530.192451
49.859463,5,530.378704
49.847928,5,530.466856
50.462911,5,530.610769
50.205622,5,530.706759
49.982138,5,530.812139
52.624413,6,531.009596
51.187725,6,531.133474
51.776164,7,531.266131
49.899837,5,531.476281
51.081993,7,531.749909
51.196892,7,531.987692
50.592133,5,532.268004
49.857163,5,532.47827
51.100226,6,532.565933
52.838411,6,532.693219
50.765733,5,532.967664
50.228471,5,533.127941
52.050404,6,533.252126
50.946883,6,533.372331
50.975254,6,533.499596
51.308724,6,533.624278
50.32759,5,533.799042
50.510799,5,534.064464
50.676812,5,534.217513
49.180927,5,534.411069
49.826298,5,534.648767
50.696998,5,534.908818
51.088422,7,535.150186
49.813379,5,535.263343
52.851824,6,535.394524
50.981759,6,535.520763
52.399937,6,535.725039
50.661984,5,535.985533
50.931006,6,536.102223
52.83775,6,536.347543
-14.05921,6,536.766023
50.936671,6,536.877682
50.615621,5,537.042881
50.902226,6,537.162059
50.937978,6,537.297734
51.391753,7,537.536063
50.66702,5,537.686264
49.848741,5,537.837974
50.956354,6,537.963645
49.872252,5,538.055319
51.587875,6,538.19106
51.740382,7,538.318233
50.9207,6,538.429405
49.842426,5,538.668674
50.923603,6,538.779838
51.643619,6,538.982102
50.194066,5,539.070193
50.58756,7,539.301239
52.129564,6,539.490544
50.217585,5,539.579583
50.716466,7,539.708125
50.09144,5,539.930496
50.998821,6,540.06792
51.763705,6,540.269409
51.582033,6,540.473188
51.276762,6,540.577984
49.849306,5,540.730952
53.08767,6,540.885786
50.569849,5,541.101562
49.832417,5,541.323856
50.910794,6,541.450825
49.843807,5,541.674433
50.891939,7,541.821199
49.935833,5,541.925843
50.339979,5,542.076739
50.980858,6,542.205163
52.527297,6,542.326798
51.145179,7,542.461475
52.93621,6,542.686254
51.332852,6,542.798417
50.938581,6,542.920089
50.765754,7,543.150008
50.863095,7,543.395079
50.920938,6,543.514649
53.072815,6,543.63418
50.038052,5,543.726431
49.79656,5,543.960869
51.214137,7,544.203313
50.778438,7,544.359544
50.939285,6,544.47921
49.844389,5,544.692574
53.107799,6,544.888328
50.261719,5,545.033028
49.824962,5,545.267296
52.942469,6,545.394025
50.995006,6,545.530746
50.032766,5,545.758165
52.919946,6,545.960356
51.659977,6,546.096534
50.580609,5,546.18603
51.352885,7,546.440545
50.940312,6,546.55802
51.239209,7,546.788513
51.651561,7,547.042905
51.138133,6,547.176075
51.148183,7,547.314209
51.643355,6,547.525172
50.679154,5,547.683694
50.258865,5,547.92341
49.87948,5,548.109111
51.708996,6,548.234328
50.926463,6,548.349955
50.914956,6,548.472863
50.721479,7,548.60459
51.282227,7,548.836949
52.772328,6,548.967278
51.500987,7,549.198065
51.307704,7,549.331826
51.798064,7,549.582839
51.016845,6,549.708064
52.788034,6,549.840314
49.839123,5,550.026546
50.544561,5,550.188384
51.185134,6,550.322639
50.930717,6,550.43683
52.826242,6,550.548509
50.140998,5,550.784946
49.871774,5,550.998472
50.996878,6,551.095128
50.174501,5,551.204663
50.917894,6,551.327085
51.603924,6,551.535968
50.931534,6,551.664685
50.81162,7,551.903637
50.544021,5,552.05724
49.842505,5,552.266926
49.892103,5,552.497262
51.715841,6,552.63696
50.073787,5,552.74862
51.031591,6,552.884298
52.892323,6,553.011995
51.67521,6,553.137174
51.311968,6,553.351418
50.942777,6,553.439047
50.464849,5,553.599687
50.093991,5,553.704836
50.663046,5,553.817001
51.183053,7,554.045078
49.850482,5,554.196274
51.404785,7,554.337465
50.705693,7,554.468666
49.839581,5,554.673423
51.476772,6,554.806098
49.853651,5,555.000845
49.861291,5,555.153523
51.827695,6,555.355258
49.960904,5,555.506463
50.68908,7,555.739545
50.552107,5,555.829919
50.338868,5,555.917051
51.304807,7,556.156836
50.53007,5,556.372609
50.178724,5,556.464739
50.927324,6,556.580418
51.571136,6,556.692085
53.151822,6,556.812274
50.150406,5,556.901894
50.640343,5,557.066116
49.834258,5,557.291383
51.698262,6,557.428549
52.74962,6,557.624785
50.749129,7,557.766545
50.075459,5,557.950255
49.819531,5,558.185999
52.868625,6,558.318168
51.624505,7,558.454853
50.522571,7,558.597035
50.739025,5,558.694662
51.170377,6,558.782816
49.835136,5,558.988548
51.245593,6,559.155753
53.012057,6,559.378532
50.136922,5,559.468663
51.44735,7,559.69558
50.923031,6,559.782731
49.748341,5,560.011492
51.693917,6,560.135714
51.803178,7,560.270406
49.837288,5,560.501174
50.969557,6,560.587301
52.824337,6,560.716968
49.879519,5,560.945716
50.528621,7,561.089422
51.17914,7,561.321277
50.144491,5,561.401403
50.557956,7,561.633085
51.840473,7,561.764692
52.906184,6,561.960515
50.864893,5,562.051091
51.125436,6,562.135879
50.303927,5,562.226285
51.083528,6,562.310758
51.158831,7,562.549261
50.2879,5,562.655012
50.967031,6,562.776546
50.825343,5,563.028718
50.665129,7,563.164022
51.604788,6,563.282006
51.187508,6,563.416143
50.94799,6,563.527124
51.690407,6,563.73268
50.954778,6,563.854175
51.149983,7,563.990063
50.951055,6,564.112379
50.174269,5,564.292455
50.284587,5,564.455954
50.977152,6,564.540121
49.958545,5,564.7008
-12.918037,6,564.950708
50.117362,5,565.033003
50.194892,5,565.119345
49.776726,5,565.267286
50.275166,5,565.499247
50.221569,5,565.650447
-13.963534,6,565.963972
51.077326,6,566.07849
51.184276,7,566.311273
50.158048,5,566.407462
50.844915,6,566.531624
50.831301,7,566.779913
52.60413,6,566.907081
49.850679,5,567.10038
50.040192,5,567.199052
49.780849,5,567.423223
49.915747,5,567.577485
50.879918,7,567.802147
50.241606,5,567.978952
50.307358,5,568.059741
50.931039,6,568.179444
50.926006,6,568.264556
50.789586,7,568.515826
51.523435,7,568.647498
50.102745,5,568.736584
52.964741,6,568.873494
49.837691,5,569.025661
49.859262,5,569.251445
51.625509,6,569.3871
50.899635,7,569.616363
51.479569,7,569.749043
51.011012,7,569.888728
51.434598,6,570.101972
49.841219,5,570.188098
51.455702,6,570.318774
51.878993,6,570.452449
52.983235,6,570.584084
51.363668,6,570.716253
52.958872,6,570.889965
50.168579,5,571.031141
49.856609,5,571.248888
53.027861,6,571.377546
50.354585,5,571.481678
50.793907,5,571.733104
50.629976,7,571.874214
51.996964,6,572.005516
50.376922,5,572.148211
50.713559,7,572.38033
49.987386,5,572.490959
50.93717,6,572.614289
50.880625,6,572.737622
49.811486,5,572.946
51.149668,7,573.170786
50.912524,6,573.291228
50.636109,7,573.527123
50.796127,7,573.756789
50.859261,7,573.890214
50.263782,5,574.035127
50.094943,5,574.120167
50.219883,5,574.284659
51.15526,6,574.405912
50.756198,7,574.653854
51.05261,7,574.786989
50.911033,6,574.909661
51.383526,6,575.116293
52.747747,6,575.354418
50.237481,5,575.529456
51.7233,7,575.661509
51.921581,6,575.794516
50.177667,5,576.013878
51.104542,6,576.138031
49.993739,5,576.243988
52.005151,6,576.447556
51.53854,7,576.580575
49.795217,5,576.730088
50.56216,5,576.8943
51.153763,6,577.099442
50.950285,6,577.222751
50.049737,5,577.326224
50.555378,7,577.467436
50.954215,6,577.578043
51.224468,6,577.78494
53.022708,6,577.910687
49.77934,5,578.186147
50.922192,6,578.308739
50.795822,5,578.562938
49.805453,5,578.786039
49.883689,5,579.019776
49.875375,5,579.255675
50.73257,5,579.500243
50.983431,7,579.633701
51.700913,7,579.853124
50.533538,7,580.083706
49.774579,5,580.351569
50.074709,5,580.449858
50.523159,7,580.669099
50.91448,6,580.754177
50.581569,5,580.913484
50.670272,5,581.077143
50.104552,5,581.167603
49.87906,5,581.262801
50.526949,5,581.476646
51.767642,7,581.609222
51.156931,7,581.746614
50.96385,6,581.861092
51.710091,6,581.99813
50.312234,5,582.146087
52.716225,6,582.341535
51.233422,6,582.452773
50.932225,6,582.562225
51.618798,7,582.695514
50.609478,7,582.828246
50.869246,6,582.950477
51.012609,5,583.219884
50.948279,6,583.342168
50.930214,6,583.464667
51.776173,7,583.596097
51.245152,7,583.859782
49.771187,5,584.087622
51.574013,6,584.201521
50.134712,5,584.2878
51.474208,7,584.518353
51.698548,6,584.629469
50.660916,7,584.771599
51.776052,6,584.906634
49.99325,5,585.010698
51.658855,7,585.150344
50.890798,6,585.269155
53.157174,6,585.481492
50.937629,6,585.602247
49.812659,5,585.830398
51.152475,7,585.970294
50.105968,5,586.194736
49.193639,5,586.419434
50.867191,6,586.536313
51.558557,6,586.661121
51.408951,7,586.799641
50.602639,5,587.065171
51.31542,6,587.195287
50.096369,5,587.35102
51.160923,6,587.435638
49.689797,5,587.525788
50.836579,7,587.763634
50.169962,5,587.870291
50.94467,6,587.955927
52.271179,6,588.072639
50.39968,5,588.254779
50.601359,5,588.466498
51.515484,7,588.697281
51.084997,6,588.820567
50.939647,6,588.93773
51.069613,6,589.072433
49.877907,5,589.223078
49.844868,5,589.37292
51.315645,6,589.576489
50.943322,7,589.715609
51.358175,6,589.845903
50.762349,7,589.991462
51.145324,7,590.229458
51.534064,7,590.365485
49.816464,5,590.461142
51.401079,7,590.594475
50.978598,7,590.733852
50.963845,6,590.851292
51.834734,6,591.05071
49.966949,5,591.206308
51.156422,6,591.372332
51.67551,6,591.506866
49.827967,5,591.708478
51.32262,7,591.840067
51.255227,7,592.080928
50.988842,6,592.166182
50.116462,5,592.268195
51.178784,7,592.401514
51.056464,6,592.487645
50.950429,6,592.600335
50.410076,5,592.78405
50.994331,7,592.922759
52.854942,6,593.123537
50.038874,5,593.212785
50.705178,7,593.355982
51.490925,7,593.583824
49.953404,5,593.673454
51.980531,6,593.805149
50.071531,5,593.901309
52.968543,6,594.101582
51.097732,7,594.241357
50.668916,7,594.384356
50.175401,5,594.48656
50.222958,5,594.640973
50.020538,5,594.861714
50.807436,7,595.094756
50.419712,5,595.326137
49.824119,5,595.580946
50.680868,5,595.749681
50.602261,5,595.911011
49.870771,5,596.130645
50.16929,5,596.21078
50.904947,6,596.334964
51.116768,7,596.46914
50.592506,5,596.70406
51.177307,6,596.800195
53.156865,6,596.939862
51.215451,6,597.064012
50.950077,6,597.174509
49.861106,5,597.404773
51.223492,6,597.530939
51.579142,7,597.768303
49.991073,5,597.895944
49.812348,5,598.126233
51.690494,6,598.261268
50.096642,5,598.368481
50.929713,6,598.485178
51.241206,6,598.606306
49.805411,5,598.847372
51.390924,6,599.057148
50.93126,6,599.141806
49.83618,5,599.376848
50.906681,6,599.493049
50.396884,5,599.732885
51.242658,6,599.853642
50.159695,5,599.965459
51.594305,6,600.171746
50.958352,7,600.305368
50.262513,5,600.41696
50.929444,6,600.528092
49.837587,5,600.755723
53.107349,6,600.988143
51.44804,7,601.216052
49.821169,5,601.408781
51.436293,6,601.540429
51.596971,6,601.74273
49.858743,5,601.894935
50.881274,7,602.026138
49.88914,5,602.253616
50.208243,5,602.355504
50.073446,5,602.578416
53.019237,6,602.786679
51.820862,7,603.011923
51.086472,7,603.24288
49.884713,5,603.457453
52.953223,6,603.577066
50.929321,6,603.687635
51.043558,6,603.810674
51.52618,7,604.038044
51.256987,6,604.15615
52.897828,6,604.36165
51.131868,7,604.598683
51.369665,7,604.82427
50.872099,6,604.909861
50.595891,5,605.179544
50.085894,5,605.400949
51.527418,6,605.534081
50.078092,5,605.636346
51.230548,6,605.768183
50.81688,5,605.912323
50.170824,5,606.015963
50.124201,5,606.201913
52.985988,6,606.387337
49.918912,5,606.626595
50.079308,5,606.710828
50.240436,5,606.815683
50.527514,5,607.053929
51.710644,6,607.189727
50.236905,5,607.277246
50.627748,5,607.530097
52.938416,6,607.723509
52.895478,6,607.856538
50.932247,6,607.96638
50.66346,5,608.118374
50.930062,6,608.207316
50.301035,5,608.438848
50.898134,7,608.674401
50.939001,6,608.794119
50.182502,5,608.897772
53.040913,6,609.034999
49.839168,5,609.194115
51.462466,6,609.308113
51.613469,6,609.43642
49.867851,5,609.603679
50.664251,5,609.876548
52.814667,6,610.068329
50.605083,7,610.314023
51.437632,7,610.542652
52.497955,6,610.747309
49.793142,5,610.836726
50.940026,6,610.959614
50.072649,5,611.061238
50.930907,6,611.202615
51.912444,6,611.341496
50.566467,5,611.587571
49.794857,5,611.811526
50.929758,6,611.941176
50.743404,7,612.077825
50.157225,5,612.1674
49.828331,5,612.35951
49.834069,5,612.595807
50.614296,7,612.833856
49.934236,5,612.993622
51.887882,6,613.204043
50.10137,5,613.312221
52.898253,6,613.507916
53.021815,6,613.725071
51.295697,6,613.861327
51.75181,7,613.999108
51.455467,7,614.130035
53.008242,6,614.325078
49.83515,5,614.54294
50.625631,7,614.772787
49.80063,5,614.999094
51.021679,6,615.085252
50.496597,5,615.17043
50.958501,6,615.287653
51.0933,7,615.424244
51.672387,6,615.558638
50.741924,7,615.797646
49.83269,5,615.911693
50.649984,5,616.007001
50.111415,5,616.116752
50.05379,5,616.302459
51.829601,6,616.511165
49.844538,5,616.742283
51.542613,6,616.858742
50.088093,5,616.961424
50.782597,6,617.078548
49.882076,5,617.305223
51.815727,6,617.511595
49.878546,5,617.718345
51.079642,7,617.943366
49.761477,5,618.175368
53.020836,6,618.295519
51.294409,6,618.421703
51.143705,6,618.544918
51.124103,7,618.704014
51.048075,7,618.936585
51.032401,7,619.182992
50.801565,7,619.441548
50.915786,6,619.555761
50.169021,5,619.734014
50.652227,7,619.974383
50.106983,5,620.091152
50.653509,5,620.338481
50.701078,7,620.574785
49.828848,5,620.799948
49.780312,5,620.948278
52.885967,6,621.078627
50.138375,5,621.260592
51.01467,6,621.387167
49.84476,5,621.619948
51.703356,7,621.754139
50.087957,5,621.843295
50.944176,6,621.937963
50.033489,5,622.045129
51.028692,7,622.185612
49.859121,5,622.412915
50.813635,7,622.651739
50.041977,5,622.76992
51.469753,7,623.003696
50.213398,5,623.106855
50.056598,5,623.190492
52.731272,6,623.392215
50.808346,7,623.62573
49.738988,5,623.902541
49.865216,5,624.142777
50.762723,5,624.303013
49.882098,5,624.504289
50.90983,6,624.627458
50.938575,6,624.712617
50.533673,5,624.863787
51.035895,6,624.948961
51.862497,6,625.086029
50.142505,5,625.190197
50.947167,6,625.308691
50.820547,7,625.545713
50.454073,5,625.804352
49.852605,5,625.95655
50.773755,7,626.092733
52.15966,6,626.301756
53.047836,6,626.442709
50.935082,6,626.552378
50.164777,5,626.729258
49.84273,5,626.880831
51.142824,6,626.966332
51.165774,6,627.050235
50.469825,5,627.209301
49.827023,5,627.440558
49.794055,5,627.542208
50.056075,5,627.631853
50.235076,5,627.730997
50.134099,5,627.891201
51.728563,7,628.023891
49.792148,5,628.257174
49.821503,5,628.348938
50.612584,5,628.509163
50.402833,5,628.667377
52.304083,6,628.863633
50.043661,5,628.942052
51.480088,6,629.071558
51.430443,6,629.280897
50.426352,5,629.422808
50.290878,5,629.574813
50.292107,5,629.663022
50.620283,5,629.82017
51.264965,6,630.021342
50.060089,5,630.223741
51.429271,6,630.354954
50.886564,6,630.464964
51.726563,7,630.70327
50.295935,5,630.793858
52.969732,6,630.943613
51.068128,7,631.176028
53.084756,6,631.374251
52.675855,6,631.572936
51.64793,7,631.826767
49.849318,5,631.979555
51.613567,6,632.115894
51.509373,7,632.348814
51.596085,6,632.483968
49.046902,5,632.663672
51.177996,6,632.788339
52.602348,6,632.983604
50.026893,5,633.072234
50.219222,6,633.194442
50.785604,7,633.425026
49.827338,5,633.650608
49.808904,5,633.886679
50.898919,6,634.000538
49.850898,5,634.150551
51.052291,6,634.236309
50.100086,5,634.322896
51.428234,7,634.550721
50.04356,5,634.654199
50.969187,7,634.791322
49.791899,5,634.938996
50.846518,6,635.061399
51.661944,6,635.267442
51.392242,6,635.387722
50.091422,5,635.4862
51.418674,7,635.617932
51.00999,7,635.873619
50.620007,7,636.011508
50.264224,5,636.184358
50.718006,7,636.320624
50.361199,5,636.412065
51.490452,6,636.533701
50.787985,7,636.668334
49.821285,5,636.900804
51.643623,6,637.041404
52.554889,6,637.170413
50.998559,7,637.309063
50.529039,5,637.535789
51.55326,6,637.654979
51.330438,7,637.898276
50.237137,5,637.985867
51.489396,7,638.212855
50.363659,5,638.435226
50.137054,5,638.52458
50.933063,6,638.647297
49.834702,5,638.85429
51.32932,6,638.984048
51.638858,6,639.184812
50.26846,5,639.289082
49.838855,5,639.517939
51.52174,6,639.652633
50.911407,6,639.769323
49.827006,5,639.879433
49.942626,5,639.967643
51.343094,6,640.085138
51.631663,6,640.285605
50.867813,6,640.396563
52.264358,6,640.599445
50.965316,6,640.710601
51.569015,7,640.84317
50.228822,5,640.986309
51.285003,6,641.099485
51.517509,6,641.310751
50.159643,5,641.410891
49.883537,5,641.525546
50.612597,5,641.804361
50.463011,5,642.019093
51.379049,7,642.151318
52.889833,6,642.347023
53.096503,6,642.562271
50.842459,7,642.752036
51.338941,7,642.980773
50.560623,5,643.202498
50.091021,5,643.386194
50.463347,5,643.493836
51.190694,6,643.613483
51.464112,6,643.827223
50.602028,5,644.016946
51.146677,7,644.158151
51.407541,6,644.374413
52.898658,6,644.510085
51.574266,6,644.625318
50.856623,7,644.795542
50.897937,6,644.904694
51.359544,6,645.069894
49.771182,5,645.290652
51.565705,6,645.425826
49.777312,5,645.53748
52.831466,6,645.674671
50.358997,5,645.820967
51.128395,7,645.953657
52.426282,6,646.149374
49.243,5,646.251996
51.268105,7,646.387179
49.845454,5,646.605386
50.912363,6,646.705252
52.987278,6,646.89504
50.089029,5,647.003329
51.807503,6,647.212603
49.91243,5,647.300746
49.813539,5,647.525462
50.868051,6,647.642666
50.161151,5,647.805521
51.107761,7,648.035863
50.505304,5,648.183499
51.01241,6,648.301827
50.963914,7,648.525519
52.55586,6,648.647419
50.032474,5,648.824258
50.211483,5,648.929895
50.923123,6,649.047571
50.392645,5,649.283235
50.086156,5,649.431456
50.937547,6,649.516569
51.392805,7,649.768595
50.714909,7,649.901352
50.388701,5,649.983974
51.487385,7,650.119679
51.401581,6,650.32349
49.844241,5,650.472016
50.552061,5,650.630197
52.903957,6,650.749913
50.453107,5,650.967081
51.048785,7,651.102278
51.493532,6,651.301537
52.998858,6,651.426678
51.310343,6,651.547324
49.830215,5,651.705965
50.377237,5,651.786199
51.481646,6,651.994061
51.21209,7,652.224955
51.125639,7,652.35379
50.348295,5,652.504037
50.454883,5,652.656381
50.915415,6,652.773992
50.470695,5,652.930671
50.778716,5,653.166111
51.221277,6,653.289196
52.990923,6,653.476931
51.239729,6,653.599115
51.375057,6,653.729263
50.949148,6,653.850964
50.947453,6,653.970663
50.605178,5,654.185968
50.753763,7,654.328136
50.389637,5,654.429268
50.745505,7,654.679605
50.052155,5,654.789258
50.281929,5,654.957519
51.882125,6,655.16109
50.9356,6,655.2834
51.730524,7,655.415572
50.914321,6,655.532594
50.713165,7,655.766918
51.910736,6,655.89972
50.010768,5,656.011374
50.893674,6,656.133648
51.566863,7,656.358095
50.450237,5,656.461126
52.97436,6,656.587818
51.121504,7,656.818549
51.677058,7,657.0456
50.883086,6,657.167449
51.548014,7,657.401783
51.516322,7,657.534674
50.318071,5,657.753838
50.885322,6,657.876492
49.869455,5,658.022202
51.023314,7,658.157503
49.849754,5,658.372793
49.82382,5,658.526473
49.845404,5,658.686037
49.763934,5,658.901345
50.105062,5,658.989509
51.481381,6,659.201538
51.253385,7,659.42934
49.968664,5,659.65611
51.236662,7,659.890014
51.022765,6,660.001162
50.259171,5,660.223976
50.178141,5,660.46191
51.032004,6,660.577547
50.048046,5,660.804383
50.288879,5,661.021001
50.871749,7,661.257725
50.205296,5,661.483691
49.863384,5,661.703833
49.779065,5,661.850218
51.184675,6,662.018449
53.046438,6,662.20038
50.817082,7,662.482697
50.210603,5,662.57584
50.947548,6,662.699984
49.752565,5,662.92803
51.277892,6,663.03881
50.99029,7,663.17664
50.891685,6,663.298419
52.990169,6,663.473699
51.467194,7,663.707947
50.974288,6,663.818866
50.955543,6,663.939523
50.37924,5,664.161365
51.323494,6,664.284028
50.960296,6,664.403835
51.596689,6,664.615128
50.441841,5,664.894266
50.749972,5,665.161355
50.814947,7,665.292235
50.93558,6,665.414881
50.181147,5,665.516964
49.861777,5,665.681367
49.771096,5,665.83782
49.764473,5,665.986681
50.127876,5,666.070238
50.006512,5,666.164879
50.449922,5,666.40331
49.867585,5,666.511616
51.343491,6,666.722507
49.866488,5,666.961884
50.204036,5,667.134578
49.812314,5,667.226074
51.253153,6,667.34666
49.874538,5,667.558085
52.229212,6,667.678349
51.673002,6,667.884723
51.416585,6,668.016699
49.854192,5,668.223418
51.191972,7,668.474084
49.83264,5,668.658441
51.591868,7,668.792917
50.918994,6,668.902494
53.030248,6,669.099136
51.610807,6,669.233668
50.907404,6,669.35137
52.998246,6,669.472044
50.943764,7,669.609736
49.829622,5,669.839645
50.060051,5,669.936676
50.857991,7,670.195187
50.277065,5,670.358392
49.786804,5,670.589656
51.639508,6,670.797174
49.85221,5,670.948534
49.829802,5,671.033962
50.023516,5,671.122069
49.840143,5,671.276031
50.164452,5,671.392147
50.931778,6,671.502588
51.620882,6,671.63789
50.376543,5,671.87964
51.541755,7,672.012583
52.224368,6,672.13175
51.464396,7,672.362322
49.942672,5,672.51388
50.769354,5,672.777939
51.688296,6,672.912315
52.980679,6,673.035716
51.213887,7,673.270407
49.828234,5,673.376731
49.950545,5,673.464238
51.492797,7,673.597466
51.429082,6,673.808383
51.216574,7,674.0375
51.100165,7,674.264891
49.852671,5,674.424675
50.467044,5,674.641579
51.490455,7,674.871679
50.572886,5,675.07939
49.857718,5,675.238125
50.382505,5,675.503509
51.626985,6,675.637918
49.960478,5,675.739109
49.866817,5,675.852211
50.074269,5,675.947345
50.920375,6,676.068519
50.73901,7,676.325588
-12.022444,6,676.427221
51.212377,6,676.544887
50.128605,5,676.634588
49.990744,5,676.722215
50.949992,6,676.832912
51.086488,7,676.968752
50.910085,6,677.090494
50.654447,7,677.3178
50.743439,7,677.546479
50.013028,5,677.732937
51.16546,7,677.984765
50.101811,5,678.190515
52.49807,6,678.398932
51.355386,7,678.530137
50.713657,5,678.797165
50.815894,7,678.925333
50.691015,5,679.191449
50.725415,5,679.349777
50.942374,6,679.454754
50.695991,5,679.608979
50.980973,6,679.727177
50.956815,6,679.848362
51.029073,6,679.970537
49.844659,5,680.201479
49.845684,5,680.425063
50.044988,5,680.511749
49.844197,5,680.719516
49.846765,5,680.905278
50.904596,6,681.017067
49.864699,5,681.238023
50.913698,6,681.356673
49.791799,5,681.46531
50.95249,6,681.551513
51.276736,6,681.67269
49.884499,5,681.897341
51.886849,6,682.107246
51.126262,7,682.352548
50.043749,5,682.452821
50.458942,5,682.544416
50.168642,5,682.648682
52.368669,6,682.831561
50.490005,5,682.932703
50.909544,6,683.041836
49.845753,5,683.21208
51.492417,6,683.423218
50.116171,5,683.607765
49.814658,5,683.697038
50.147556,5,683.791666
50.88985,6,683.905455
51.499965,6,684.110258
50.268182,5,684.320598
51.035081,7,684.54961
50.342944,5,684.738355
52.720273,6,684.933321
50.929328,6,685.056195
50.253889,5,685.291562
50.97489,6,685.413489
50.938956,6,685.523303
51.778499,6,685.723129
52.751138,6,685.848609
51.584346,6,685.98177
50.726946,5,686.202875
50.857824,5,686.466753
51.695933,6,686.58935
51.433701,6,686.721617
50.610555,5,686.870571
51.389151,6,687.000717
50.985237,6,687.089895
53.065209,6,687.212837
50.232415,5,687.418776
50.006526,5,687.526573
50.017535,5,687.635267
49.97966,7,687.877333
50.04579,5,687.993994
51.016994,6,688.094737
51.585225,7,688.23014
49.881848,5,688.457474
50.973256,7,688.684227
49.874306,5,688.796281
51.162519,7,689.030222
53.236234,6,689.206805
50.786421,7,689.349034
49.830913,5,689.575304
51.496928,6,689.696984
50.211362,5,689.797169
50.134974,5,689.899306
50.640347,5,690.055517
51.491245,7,690.187705
52.995599,6,690.315509
50.348506,5,690.405142
50.03044,5,690.517823
50.791307,7,690.74705
50.944172,6,690.863236
50.621828,5,691.02581
49.8233,5,691.138787
52.867693,6,691.251608
50.599663,5,691.414968
50.459663,5,691.563555
49.87158,5,691.778266
51.472194,6,691.910278
51.010504,6,691.997485
52.991167,6,692.195258
50.122575,5,692.273846
50.933533,6,692.397194
-18.568063,3,692.463681
50.741993,5,692.609903
50.972213,7,692.760104
51.76181,6,692.970489
52.033432,6,693.09496
51.306809,7,693.244735
50.893273,6,693.361103
50.146573,5,693.544536
